code,name,high,low,close,change,volume,value,frequency
AALI,Astra Agro Lestari Tbk.,7.475,7.300,7.400,25,423.100,3.115.632.500,681
ABBA,Mahaka Media Tbk.,51,50,51,2,1.518.500,76.466.400,205
ABDA,Asuransi Bina Dana Arta Tbk.,3.290,3.280,3.290,90,400,1.313.000,3
ABMM,ABM Investama Tbk.,2.820,2.750,2.800,10,550.400,1.531.249.000,575
ACES,Aspirasi Hidup Indonesia Tbk.,420,412,414,2,19.759.900,8.198.109.600,3.052
ACST,Acset Indonusa Tbk.,149,134,141,5,34.266.000,4.909.473.300,3.098
ADES,Akasha Wira International Tbk.,15.675,15.300,15.350,300,45.300,698.672.500,67
ADHI,Adhi Karya (Persero) Tbk.,268,250,250,4,55.337.200,14.283.279.800,2.923
ADMF,Adira Dinamika Multi Finance T,8.500,8.425,8.500,100,32.600,276.047.500,48
ADMG,Polychem Indonesia Tbk,218,186,186,32,15.795.500,3.029.002.500,2.587
ADRO,Alamtri Resources Indonesia Tb,1.915,1.885,1.895,5,102.188.900,193.714.873.500,25.953
AGII,Samator Indo Gas Tbk.,1.680,1.600,1.600,5,1.313.500,2.144.981.500,579
AGRO,Bank Raya Indonesia Tbk.,234,226,228,4,26.883.300,6.152.296.400,1.804
AGRS,Bank IBK Indonesia Tbk.,81,77,79,1,22.541.000,1.766.086.100,1.035
AHAP,Asuransi Harta Aman Pratama Tb,94,86,88,3,49.863.100,4.439.288.800,2.151
AIMS,Artha Mahiya Investama Tbk.,398,380,384,4,1.368.600,533.589.200,766
AISA,FKS Food Sejahtera Tbk.,143,140,142,0,7.341.400,1.037.823.100,876
AKKU,Anugerah Kagum Karya Utama Tbk,32,31,32,0,146.700,4.685.800,53
AKPI,Argha Karya Prima Industry Tbk,575,560,560,10,100.100,56.394.500,50
AKRA,AKR Corporindo Tbk.,1.245,1.225,1.240,10,12.689.000,15.669.956.000,3.584
AKSI,Mineral Sumberdaya Mandiri Tbk,498,428,448,4,786.300,356.643.800,567
ALDO,Alkindo Naratama Tbk.,800,770,795,25,275.800,215.127.500,105
ALKA,Alakasa Industrindo Tbk,390,350,364,10,906.200,332.026.000,697
ALMI,Alumindo Light Metal Industry ,0,0,74,0,0,0,0
ALTO,Tri Banyan Tirta Tbk.,0,0,18,0,0,0,0
AMAG,Asuransi Multi Artha Guna Tbk.,386,374,382,0,209.100,79.764.800,66
AMFG,Asahimas Flat Glass Tbk.,3.280,3.210,3.250,40,87.300,284.505.000,67
AMIN,Ateliers Mecaniques D Indonesi,260,244,252,8,266.000,67.260.000,176
AMRT,Sumber Alfaria Trijaya Tbk.,1.980,1.930,1.965,45,37.306.900,73.319.624.500,8.232
ANJT,Austindo Nusantara Jaya Tbk.,1.800,1.745,1.750,25,526.200,925.145.500,368
ANTM,Aneka Tambang Tbk.,3.220,3.110,3.190,120,263.625.800,837.331.573.000,46.664
APEX,Apexindo Pratama Duta Tbk.,238,218,230,4,45.197.000,10.347.145.200,4.741
APIC,Pacific Strategic Financial Tb,1.600,1.480,1.600,75,787.500,1.229.959.000,492
APII,Arita Prima Indonesia Tbk.,218,202,208,2,2.618.300,543.011.200,238
APLI,Asiaplast Industries Tbk.,420,394,410,4,34.000,13.718.400,54
APLN,Agung Podomoro Land Tbk.,104,101,103,0,8.372.700,858.712.100,657
ARGO,Argo Pantes Tbk,1.000,985,995,5,400.100,397.375.000,95
ARII,Atlas Resources Tbk.,322,298,314,6,858.100,262.401.400,283
ARNA,Arwana Citramulia Tbk.,535,530,535,0,1.161.900,619.056.000,239
ARTA,Arthavest Tbk,2.890,2.700,2.820,50,1.700,4.769.000,10
ARTI,Ratu Prabu Energi Tbk,0,0,2,0,0,0,0
ARTO,Bank Jago Tbk.,1.990,1.960,1.965,5,6.824.000,13.473.824.000,4.229
ASBI,Asuransi Bintang Tbk.,468,460,468,0,2.500,1.159.600,15
ASDM,Asuransi Dayin Mitra Tbk.,610,575,580,15,1.389.100,821.592.000,227
ASGR,Astra Graphia Tbk.,1.190,1.160,1.180,5,683.800,803.279.500,327
ASII,Astra International Tbk.,6.600,6.450,6.575,50,30.755.900,201.008.300.000,6.042
ASJT,Asuransi Jasa Tania Tbk.,168,143,145,23,6.184.800,930.305.300,1.062
ASMI,Asuransi Maximus Graha Persada,30,29,30,0,1.190.400,35.640.800,78
ASRI,Alam Sutera Realty Tbk.,166,162,163,1,27.033.800,4.412.697.300,1.279
ASRM,Asuransi Ramayana Tbk.,328,318,320,2,12.800,4.096.200,17
ASSA,Adi Sarana Armada Tbk.,1.210,1.160,1.190,10,12.002.600,14.350.877.500,1.611
ATIC,Anabatic Technologies Tbk.,680,655,665,10,328.200,218.285.000,178
AUTO,Astra Otoparts Tbk.,2.690,2.600,2.600,20,3.851.200,10.197.545.000,1.885
BABP,Bank MNC Internasional Tbk.,55,54,55,0,17.966.700,979.539.600,800
BACA,Bank Capital Indonesia Tbk.,230,175,194,16,158.153.400,32.765.770.600,19.167
BAJA,Saranacentral Bajatama Tbk.,165,160,164,2,935.900,152.298.700,239
BALI,Bali Towerindo Sentra Tbk.,1.820,1.670,1.715,90,119.700,213.593.500,110
BAPA,Bekasi Asri Pemula Tbk.,94,91,91,3,7.517.300,688.873.800,1.020
BATA,Sepatu Bata Tbk.,70,62,70,2,1.047.200,70.165.400,70
BAYU,Bayu Buana Tbk,1.385,1.335,1.385,50,4.076.100,5.474.454.000,290
BBCA,Bank Central Asia Tbk.,8.175,8.025,8.175,125,72.424.200,587.861.680.000,19.774
BBHI,Allo Bank Indonesia Tbk.,1.485,1.440,1.475,0,1.427.600,2.096.449.000,266
BBKP,Bank KB Indonesia Tbk.,77,76,76,0,113.679.900,8.686.604.500,3.513
BBLD,Buana Finance Tbk.,945,915,940,5,14.300,13.289.500,16
BBMD,Bank Mestika Dharma Tbk.,2.100,1.995,1.995,55,300,614.500,3
BBNI,Bank Negara Indonesia (Persero,4.360,4.290,4.330,10,28.113.800,121.511.309.000,13.129
BBRI,Bank Rakyat Indonesia (Persero,3.780,3.750,3.760,10,161.680.300,607.892.824.000,35.594
BBRM,Pelayaran Nasional Bina Buana ,204,168,171,19,96.984.900,17.783.913.900,13.325
BBTN,Bank Tabungan Negara (Persero),1.175,1.145,1.155,15,14.063.500,16.304.384.500,4.378
BBYB,Bank Neo Commerce Tbk.,494,468,472,10,190.159.500,91.215.282.200,25.391
BCAP,MNC Kapital Indonesia Tbk.,57,55,55,2,23.184.600,1.289.414.300,661
BCIC,Bank JTrust Indonesia Tbk.,170,157,160,5,3.221.800,524.038.400,1.053
BCIP,Bumi Citra Permai Tbk.,77,73,75,1,8.143.300,604.817.300,1.129
BDMN,Bank Danamon Indonesia Tbk.,2.490,2.400,2.430,20,2.294.600,5.569.393.000,585
BEKS,Bank Pembangunan Daerah Banten,31,30,31,0,51.739.400,1.602.861.700,621
BEST,Bekasi Fajar Industrial Estate,112,106,109,3,16.278.900,1.780.648.200,1.075
BFIN,BFI Finance  Indonesia Tbk.,710,700,710,10,5.433.400,3.835.338.000,1.289
BGTG,Bank Ganesha Tbk.,120,116,116,1,14.759.300,1.727.027.000,627
BHIT,MNC Asia Holding Tbk.,41,40,40,0,12.278.100,497.124.600,385
BIKA,Binakarya Jaya Abadi Tbk.,0,0,55,0,0,0,0
BIMA,Primarindo Asia Infrastructure,0,0,82,0,0,0,0
BINA,Bank Ina Perdana Tbk.,4.500,4.430,4.490,0,9.100,40.804.000,14
BIPI,Astrindo Nusantara Infrastrukt,88,86,87,0,180.608.400,15.674.513.500,24.543
BIPP,Bhuwanatala Indah Permai Tbk.,51,51,51,1,1.353.000,69.003.000,88
BIRD,Blue Bird Tbk.,1.705,1.685,1.695,15,605.900,1.026.894.500,436
BISI,BISI International Tbk.,870,855,870,10,60.000,51.713.500,98
BJBR,Bank Pembangunan Daerah Jawa B,820,805,805,15,1.832.200,1.484.275.000,865
BJTM,Bank Pembangunan Daerah Jawa T,545,540,540,0,3.972.200,2.151.278.500,894
BKDP,Bukit Darmo Property Tbk,46,42,46,4,4.950.100,214.782.700,1.451
BKSL,Sentul City Tbk.,138,133,134,1,537.721.400,72.674.023.000,29.813
BKSW,Bank QNB Indonesia Tbk.,66,63,64,1,8.932.500,572.625.800,382
BLTA,Berlian Laju Tanker Tbk,38,36,36,2,5.274.600,192.172.600,307
BLTZ,Graha Layar Prima Tbk.,0,0,2.900,0,0,0,0
BMAS,Bank Maspion Indonesia Tbk.,635,630,630,15,4.100,2.601.000,9
BMRI,Bank Mandiri (Persero) Tbk.,5.200,5.025,5.100,75,93.615.600,477.074.335.000,19.424
BMSR,Bintang Mitra Semestaraya Tbk,374,318,318,14,2.049.800,698.899.200,891
BMTR,Global Mediacom Tbk.,140,137,139,0,37.684.700,5.207.568.400,11.872
BNBA,Bank Bumi Arta Tbk.,670,645,645,5,363.100,237.823.000,77
BNBR,Bakrie & Brothers Tbk,0,0,116,0,0,0,0
BNGA,Bank CIMB Niaga Tbk.,1.760,1.740,1.755,0,1.599.100,2.793.338.500,944
BNII,Bank Maybank Indonesia Tbk.,214,208,212,0,2.588.700,545.083.600,509
BNLI,Bank Permata Tbk.,5.300,4.900,5.050,100,289.200,1.488.192.500,501
BOLT,Garuda Metalindo Tbk.,1.010,995,1.010,15,16.900,16.951.000,22
BPFI,Woori Finance Indonesia Tbk.,320,310,320,0,10.800,3.396.400,22
BPII,Batavia Prosperindo Internasio,515,505,515,10,25.400,12.904.500,9
BRAM,Indo Kordsa Tbk.,4.730,4.600,4.680,0,900,4.209.000,5
BRMS,Bumi Resources Minerals Tbk.,1.185,1.150,1.165,35,454.533.400,530.607.920.500,34.488
BRNA,Berlina Tbk.,720,705,720,0,6.600,4.659.000,8
BRPT,Barito Pacific Tbk.,3.520,3.430,3.440,70,42.852.500,147.970.023.000,11.870
BSDE,Bumi Serpong Damai Tbk.,925,905,905,10,9.703.700,8.850.888.000,2.787
BSIM,Bank Sinarmas Tbk.,925,835,875,10,66.800,58.600.000,124
BSSR,Baramulti Suksessarana Tbk.,4.000,3.950,3.960,10,915.900,3.636.787.000,1.288
BSWD,Bank Of India Indonesia Tbk.,835,835,835,15,3.300,2.755.500,2
BTEK,Bumi Teknokultura Unggul Tbk,17,16,17,1,133.202.700,2.240.088.600,1.893
BTEL,Bakrie Telecom Tbk.,0,0,50,0,0,0,0
BTON,Betonjaya Manunggal Tbk.,382,378,378,0,13.600,5.166.800,10
BTPN,Bank SMBC Indonesia Tbk.,2.100,2.100,2.100,0,900,1.890.000,5
BUDI,Budi Starch & Sweetener Tbk.,220,216,218,2,186.900,40.448.800,43
BUKK,Bukaka Teknik Utama Tbk.,1.705,1.560,1.620,80,257.100,418.718.500,191
BULL,Buana Lintas Lautan Tbk.,386,368,378,10,318.493.600,120.534.273.600,14.192
BUMI,Bumi Resources Tbk.,394,346,394,50,12.257.775.400,4.622.438.090.400,328.310
BUVA,Bukit Uluwatu Villa Tbk.,1.410,1.215,1.390,130,147.197.700,196.642.789.500,25.266
BVIC,Bank Victoria International Tb,113,108,110,2,9.613.200,1.060.645.800,402
BWPT,Eagle High Plantations Tbk.,145,140,142,0,72.789.600,10.385.586.700,4.240
BYAN,Bayan Resources Tbk.,16.000,15.950,15.975,25,20.500,327.510.000,95
CANI,Capitol Nusantara Indonesia Tb,0,0,116,0,0,0,0
CASS,Cahaya Aero Services Tbk.,2.700,2.420,2.650,220,164.600,417.846.000,144
CEKA,Wilmar Cahaya Indonesia Tbk.,2.490,2.430,2.450,30,3.800,9.291.000,12
CENT,Centratama Telekomunikasi Indo,146,134,136,10,23.938.100,3.327.450.700,1.975
CFIN,Clipan Finance Indonesia Tbk.,322,318,320,0,1.394.200,445.665.000,198
CINT,Chitose Internasional Tbk.,194,191,192,0,136.800,26.208.000,57
CITA,Cita Mineral Investindo Tbk.,4.550,4.300,4.400,110,467.900,2.056.566.000,523
CLPI,Colorpak Indonesia Tbk.,1.505,1.460,1.490,0,138.400,206.900.500,88
CMNP,Citra Marga Nusaphala Persada ,1.325,1.300,1.305,5,96.700,126.537.000,153
CMPP,AirAsia Indonesia Tbk.,98,98,98,4,146.000,14.308.000,55
CNKO,Exploitasi Energi Indonesia Tb,63,63,63,0,15.507.100,976.947.300,434
CNTX,Century Textile Industry Tbk.,0,0,142,0,0,0,0
COWL,Cowell Development Tbk.,0,0,50,0,0,0,0
CPIN,Charoen Pokphand Indonesia Tbk,4.640,4.550,4.550,90,3.886.100,17.800.831.000,2.181
CPRO,Central Proteina Prima Tbk.,63,61,61,1,94.645.200,5.787.211.400,1.847
CSAP,Catur Sentosa Adiprana Tbk.,326,318,320,0,66.500,21.407.200,58
CTBN,Citra Tubindo Tbk.,6.200,5.800,5.825,200,2.200,13.072.500,17
CTRA,Ciputra Development Tbk.,880,860,870,10,14.881.300,12.937.760.500,2.969
CTTH,Citatah Tbk.,159,137,137,24,40.516.000,5.677.421.100,4.973
DART,Duta Anggada Realty Tbk.,193,185,185,8,927.300,174.646.800,319
DEFI,Danasupra Erapacific Tbk.,206,206,206,18,37.400,7.704.400,10
DEWA,Darma Henwa Tbk,585,550,575,30,1.311.589.800,750.137.306.500,83.477
DGIK,Nusa Konstruksi Enjiniring Tbk,192,169,179,2,28.408.400,5.059.848.700,3.008
DILD,Intiland Development Tbk.,132,130,130,2,15.638.900,2.044.799.600,780
DKFT,Central Omega Resources Tbk.,710,670,705,35,15.426.200,10.713.554.000,1.485
DLTA,Delta Djakarta Tbk.,2.000,1.975,2.000,5,367.700,730.565.000,158
DMAS,Puradelta Lestari Tbk.,130,128,129,0,35.911.800,4.626.326.900,2.660
DNAR,Bank Oke Indonesia Tbk.,195,182,183,11,16.325.500,3.033.400.800,2.409
DNET,Indoritel Makmur Internasional,8.950,8.750,8.825,100,18.300,162.160.000,32
DOID,BUMA Internasional Grup Tbk.,310,294,302,8,13.183.000,3.980.737.000,1.280
DPNS,Duta Pertiwi Nusantara Tbk.,0,0,310,0,0,0,0
DSFI,Dharma Samudera Fishing Indust,97,89,90,6,21.000.400,1.921.886.700,1.514
DSNG,Dharma Satya Nusantara Tbk.,1.550,1.450,1.475,95,16.627.800,24.582.719.500,2.366
DSSA,Dian Swastatika Sentosa Tbk,111.000,108.775,110.400,1275,1.859.900,205.723.822.500,3.130
DUTI,Duta Pertiwi Tbk,4.300,4.020,4.250,50,1.500,6.201.000,7
DVLA,Darya-Varia Laboratoria Tbk.,1.665,1.645,1.660,0,31.400,52.101.000,44
DYAN,Dyandra Media International Tb,88,85,87,2,3.653.000,315.576.700,306
ECII,Electronic City Indonesia Tbk.,186,182,182,2,355.300,64.992.600,59
EKAD,Ekadharma International Tbk.,187,186,186,1,140.700,26.214.500,58
ELSA,Elnusa Tbk.,498,492,492,2,20.226.500,9.981.214.400,2.916
ELTY,Bakrieland Development Tbk.,40,40,40,4,216.984.700,8.679.388.000,2.976
EMDE,Megapolitan Developments Tbk.,98,93,94,11,44.877.300,4.254.291.500,3.035
EMTK,Elang Mahkota Teknologi Tbk.,1.230,1.140,1.140,85,168.830.400,197.053.929.500,25.472
ENRG,Energi Mega Persada Tbk.,1.490,1.445,1.450,5,68.932.300,100.874.260.500,11.749
EPMT,Enseval Putera Megatrading Tbk,2.330,2.300,2.320,10,23.600,54.417.000,43
ERAA,Erajaya Swasembada Tbk.,410,404,406,2,36.296.700,14.742.244.600,4.285
ERTX,Eratex Djaja Tbk.,218,198,212,6,6.812.900,1.406.840.700,993
ESSA,ESSA Industries Indonesia Tbk.,655,605,645,35,65.724.200,41.818.685.500,4.869
ESTI,Ever Shine Tex Tbk.,114,107,112,1,4.974.300,553.658.800,620
ETWA,Eterindo Wahanatama Tbk,0,0,70,0,0,0,0
EXCL,XLSMART Telecom Sejahtera Tbk.,3.880,3.760,3.760,140,11.651.700,44.315.518.000,5.267
FAST,Fast Food Indonesia Tbk.,595,535,565,10,11.458.100,6.493.034.500,3.132
FASW,Fajar Surya Wisesa Tbk.,0,0,5.275,0,0,0,0
FISH,FKS Multi Agro Tbk.,1.120,1.100,1.100,10,59.600,66.051.000,117
FMII,Fortune Mate Indonesia Tbk,308,280,298,2,175.100,51.398.000,163
FORU,Fortune Indonesia Tbk,1.695,1.495,1.530,165,1.490.900,2.301.734.000,1.177
FPNI,Lotte Chemical Titan Tbk.,950,880,900,50,15.358.200,13.869.742.500,5.058
GAMA,Aksara Global Development Tbk.,0,0,18,0,0,0,0
GDST,Gunawan Dianjaya Steel Tbk.,121,118,118,2,1.226.900,145.552.800,137
GDYR,Goodyear Indonesia Tbk.,1.100,1.025,1.040,60,1.515.500,1.590.304.500,460
GEMA,Gema Grahasarana Tbk.,97,95,95,0,4.491.600,429.286.800,534
GEMS,Golden Energy Mines Tbk.,8.500,8.350,8.400,100,72.500,610.210.000,206
GGRM,Gudang Garam Tbk.,13.150,12.950,13.025,150,698.300,9.106.005.000,1.406
GIAA,Garuda Indonesia (Persero) Tbk,105,102,105,4,44.664.800,4.583.969.400,1.991
GJTL,Gajah Tunggal Tbk.,1.060,1.040,1.040,15,2.636.200,2.764.880.500,771
GLOB,Globe Kita Terang Tbk.,0,0,155,0,0,0,0
GMTD,Gowa Makassar Tourism Developm,3.000,2.190,2.830,260,109.000,257.448.000,289
GOLD,Visi Telekomunikasi Infrastruk,342,320,330,10,330.300,108.937.400,200
GOLL,Golden Plantation Tbk.,0,0,50,0,0,0,0
GPRA,Perdana Gapuraprima Tbk.,130,126,130,1,16.825.700,2.153.890.600,660
GSMF,Equity Development Investment ,127,117,118,8,19.184.700,2.306.297.800,1.967
GTBO,Garda Tujuh Buana Tbk,260,242,248,12,1.108.100,273.720.400,212
GWSA,Greenwood Sejahtera Tbk.,154,150,152,1,2.352.500,357.252.300,115
GZCO,Gozco Plantations Tbk.,266,252,254,10,41.023.100,10.494.594.600,4.874
HADE,Himalaya Energi Perkasa Tbk.,26,25,25,1,1.096.000,27.690.900,119
HDFA,Radana Bhaskara Finance Tbk.,145,132,135,3,1.787.400,247.215.900,510
HERO,DFI Retail Nusantara Tbk.,458,448,456,2,207.000,93.574.600,61
HEXA,Hexindo Adiperkasa Tbk.,4.230,4.140,4.170,50,1.086.900,4.539.237.000,1.131
HITS,Humpuss Intermoda Transportasi,0,0,116,0,0,0,0
HMSP,H.M. Sampoerna Tbk.,735,715,735,15,20.285.300,14.801.125.000,3.114
HOME,Hotel Mandarine Regency Tbk.,0,0,50,0,0,0,0
HOTL,Saraswati Griya Lestari Tbk.,0,0,50,0,0,0,0
HRUM,Harum Energy Tbk.,1.040,995,1.020,20,17.978.700,18.311.138.500,2.719
IATA,MNC Energy Investments Tbk.,140,132,133,4,83.324.900,11.243.793.300,3.385
IBFN,Intan Baru Prana Tbk.,166,166,166,15,407.400,67.628.400,41
IBST,Inti Bangun Sejahtera Tbk.,4.850,4.750,4.850,0,700,3.375.000,4
ICBP,Indofood CBP Sukses Makmur Tbk,8.400,8.275,8.350,75,6.241.200,52.038.780.000,3.676
ICON,Island Concepts Indonesia Tbk.,79,75,75,4,851.100,64.107.100,90
IGAR,Champion Pacific Indonesia Tbk,530,505,510,5,169.600,86.805.000,107
IIKP,Inti Agri Resources Tbk,0,0,50,0,0,0,0
IKAI,Intikeramik Alamasri Industri ,20,20,20,1,48.146.000,962.920.000,662
IKBI,Sumi Indo Kabel Tbk.,530,520,525,5,30.100,15.821.000,31
IMAS,Indomobil Sukses Internasional,1.220,1.170,1.195,15,409.700,491.161.000,219
IMJS,Indomobil Multi Jasa Tbk.,308,274,274,20,54.344.300,15.775.791.600,5.203
IMPC,Impack Pratama Industri Tbk.,3.720,3.610,3.630,10,14.785.800,54.112.162.000,5.094
INAF,Indofarma Tbk.,0,0,126,0,0,0,0
INAI,Indal Aluminium Industry Tbk.,153,148,149,0,123.600,18.737.100,44
INCI,Intanwijaya Internasional Tbk,750,700,740,15,103.500,74.992.500,105
INCO,Vale Indonesia Tbk.,4.450,4.110,4.440,330,35.042.300,152.663.517.000,13.815
INDF,Indofood Sukses Makmur Tbk.,6.850,6.775,6.850,100,3.858.800,26.335.112.500,2.205
INDR,Indo-Rama Synthetics Tbk.,2.840,2.710,2.840,0,61.600,172.367.000,63
INDS,Indospring Tbk.,230,226,230,2,266.700,60.941.000,88
INDX,Tanah Laut Tbk,173,163,169,4,9.801.800,1.649.138.400,1.689
INDY,Indika Energy Tbk.,2.350,2.200,2.300,170,52.355.300,120.155.338.000,11.586
INKP,Indah Kiat Pulp & Paper Tbk.,8.150,7.975,8.125,75,3.578.900,28.850.902.500,3.388
INPC,Bank Artha Graha Internasional,150,146,148,0,7.697.100,1.133.728.400,528
INPP,Indonesian Paradise Property T,715,690,715,5,134.700,94.605.500,46
INRU,Toba Pulp Lestari Tbk.,0,0,590,0,0,0,0
INTA,Intraco Penta Tbk.,0,0,115,0,0,0,0
INTD,Inter Delta Tbk,220,214,214,6,34.600,7.468.200,21
INTP,Indocement Tunggal Prakarsa Tb,7.100,6.825,7.050,100,1.106.300,7.752.797.500,1.175
IPOL,Indopoly Swakarsa Industry Tbk,123,121,122,0,314.400,38.099.900,121
ISAT,Indosat Tbk.,2.470,2.420,2.440,10,8.101.100,19.762.773.000,3.906
ISSP,Steel Pipe Industry of Indones,442,434,434,8,797.500,347.976.000,338
ITMA,Sumber Energi Andalan Tbk.,2.270,1.845,2.130,245,43.305.000,89.779.717.500,2.037
ITMG,Indo Tambangraya Megah Tbk.,21.575,21.375,21.550,25,877.100,18.851.490.000,1.423
JAWA,Jaya Agra Wattie Tbk.,204,192,194,6,4.517.200,881.973.300,882
JECC,Jembo Cable Company Tbk.,1.180,1.130,1.145,5,57.100,65.899.500,42
JIHD,Jakarta International Hotels &,580,560,560,15,2.610.800,1.475.222.500,313
JKON,Jaya Konstruksi Manggala Prata,95,86,86,1,217.833.300,19.394.610.800,7.410
JPFA,Japfa Comfeed Indonesia Tbk.,2.710,2.630,2.650,50,12.004.400,32.150.535.000,5.918
JRPT,Jaya Real Property Tbk.,1.075,1.060,1.075,0,424.800,454.480.000,100
JSMR,Jasa Marga (Persero) Tbk.,3.470,3.390,3.400,50,3.783.200,12.896.550.000,2.146
JSPT,Jakarta Setiabudi Internasiona,3.300,3.210,3.220,50,10.200,33.078.000,47
JTPE,Jasuindo Tiga Perkasa Tbk.,570,530,565,10,11.960.900,6.584.651.000,1.855
KAEF,Kimia Farma Tbk.,550,500,525,10,3.227.800,1.656.344.000,1.136
KARW,Meratus Jasa Prima Tbk.,396,380,396,2,232.400,91.902.400,58
KBLI,KMI Wire & Cable Tbk.,336,324,324,2,395.500,130.481.200,102
KBLM,Kabelindo Murni Tbk.,338,334,334,2,76.000,25.539.400,55
KBLV,First Media Tbk.,177,167,167,7,11.253.000,1.910.361.500,1.356
KBRI,Kertas Basuki Rachmat Indonesi,0,0,50,0,0,0,0
KDSI,Kedawung Setia Industrial Tbk.,460,444,458,2,6.900,3.162.800,9
KIAS,Keramika Indonesia Assosiasi T,0,0,21,0,0,0,0
KICI,Kedaung Indah Can Tbk,228,210,210,18,607.800,130.965.200,234
KIJA,Kawasan Industri Jababeka Tbk.,224,210,218,4,106.596.600,23.190.969.000,3.509
KKGI,Resource Alam Indonesia Tbk.,356,346,352,2,15.635.800,5.464.679.000,2.304
KLBF,Kalbe Farma Tbk.,1.225,1.200,1.225,25,38.199.100,46.439.990.500,5.232
KOBX,Kobexindo Tractors Tbk.,200,192,196,2,2.772.300,539.383.200,595
KOIN,Kokoh Inti Arebama Tbk,90,83,83,7,126.700,10.767.100,33
KONI,Perdana Bangun Pusaka Tbk,2.450,2.240,2.240,370,242.600,557.777.000,467
KOPI,Mitra Energi Persada Tbk.,304,298,298,6,668.900,201.082.600,147
KPIG,MNC Tourism Indonesia Tbk.,138,133,136,1,58.579.800,7.936.745.600,6.357
KRAS,Krakatau Steel (Persero) Tbk.,352,336,336,12,32.672.500,11.117.665.200,2.908
KREN,Quantum Clovera Investama Tbk.,20,19,20,0,18.288.500,357.898.000,555
LAPD,Leyand International Tbk.,179,167,169,6,20.145.100,3.450.311.500,1.635
LCGP,Eureka Prima Jakarta Tbk.,0,0,114,0,0,0,0
LEAD,Logindo Samudramakmur Tbk.,138,119,120,9,461.936.600,59.262.480.000,30.075
LINK,Link Net Tbk.,3.610,3.450,3.500,110,54.900,192.429.000,80
LION,Lion Metal Works Tbk.,432,416,422,12,166.600,70.121.800,100
LMAS,Limas Indonesia Makmur Tbk,0,0,50,0,0,0,0
LMPI,Langgeng Makmur Industri Tbk.,142,138,140,1,27.700,3.854.600,25
LMSH,Lionmesh Prima Tbk.,0,0,256,0,0,0,0
LPCK,Lippo Cikarang Tbk,580,560,575,0,691.700,398.190.500,416
LPGI,Lippo General Insurance Tbk.,720,670,710,5,6.700,4.705.500,39
LPIN,Multi Prima Sejahtera Tbk,448,430,438,0,143.800,63.211.800,101
LPKR,Lippo Karawaci Tbk.,85,83,84,0,54.820.700,4.583.864.600,1.786
LPLI,Star Pacific Tbk,428,408,412,16,557.300,231.256.400,358
LPPF,Matahari Department Store Tbk.,1.695,1.670,1.685,10,1.727.000,2.912.915.500,795
LPPS,Lenox Pasifik Investama Tbk.,110,103,105,4,4.718.500,499.519.800,583
LRNA,Eka Sari Lorena Transport Tbk.,300,238,300,60,16.263.900,4.665.185.000,3.243
LSIP,PP London Sumatra Indonesia Tb,1.175,1.145,1.165,20,7.679.600,8.895.306.500,1.942
LTLS,Lautan Luas Tbk.,865,850,850,10,42.500,36.231.500,50
MAGP,Multi Agro Gemilang Plantation,0,0,50,0,0,0,0
MAIN,Malindo Feedmill Tbk.,805,770,805,30,4.496.400,3.583.244.000,746
MAPI,Mitra Adiperkasa Tbk.,1.220,1.180,1.205,25,15.513.600,18.541.955.500,5.531
MAYA,Bank Mayapada Internasional Tb,236,228,232,2,4.793.700,1.112.404.600,472
MBAP,Mitrabara Adiperdana Tbk.,1.600,1.580,1.585,0,105.800,167.937.000,81
MBSS,Mitrabahtera Segara Sejati Tbk,2.270,2.040,2.150,10,6.504.600,13.943.200.000,2.239
MBTO,Martina Berto Tbk.,181,175,175,6,1.595.400,281.101.000,286
MCOR,Bank China Construction Bank I,76,74,75,0,11.683.200,869.642.700,371
MDIA,Intermedia Capital Tbk.,84,84,84,9,32.279.600,2.711.486.400,423
MDKA,Merdeka Copper Gold Tbk.,2.270,2.220,2.260,70,33.154.700,74.462.710.000,5.907
MDLN,Modernland Realty Tbk.,63,60,61,2,11.093.700,678.516.600,397
MDRN,Modern Internasional Tbk.,41,40,41,1,6.340.100,256.750.100,199
MEDC,Medco Energi Internasional Tbk,1.300,1.270,1.295,15,23.830.800,30.651.645.000,2.960
MEGA,Bank Mega Tbk.,3.300,3.250,3.260,40,5.500,17.913.000,16
MERK,Merck Tbk.,3.290,3.250,3.280,10,14.400,47.167.000,30
META,Nusantara Infrastructure Tbk.,0,0,238,0,0,0,0
MFMI,Multifiling Mitra Indonesia Tb,0,0,1.300,0,0,0,0
MGNA,Magna Investama Mandiri Tbk.,179,150,150,3,8.970.700,1.427.431.600,1.328
MICE,Multi Indocitra Tbk.,605,580,585,15,122.300,71.249.000,45
MIDI,Midi Utama Indonesia Tbk.,384,376,382,4,12.996.500,4.942.295.200,2.231
MIKA,Mitra Keluarga Karyasehat Tbk.,2.450,2.390,2.440,60,3.574.600,8.682.759.000,1.070
MIRA,Mitra International Resources ,36,36,36,3,55.415.300,1.994.950.800,638
MITI,Mitra Investindo Tbk.,428,380,390,10,10.154.600,4.030.450.000,1.700
MKPI,Metropolitan Kentjana Tbk.,25.350,21.300,24.975,750,16.200,387.500.000,61
MLBI,Multi Bintang Indonesia Tbk.,5.700,5.600,5.625,25,97.300,549.352.500,88
MLIA,Mulia Industrindo Tbk,338,334,336,2,3.161.600,1.062.994.200,127
MLPL,Multipolar Tbk.,141,135,136,3,73.733.900,10.044.692.000,3.947
MLPT,Multipolar Technology Tbk.,60.100,57.000,57.000,3100,17.000,993.520.000,110
MMLP,Mega Manunggal Property Tbk.,580,575,580,5,19.274.100,11.140.624.000,998
MNCN,Media Nusantara Citra Tbk.,268,262,262,4,21.829.100,5.761.266.000,13.419
MPMX,Mitra Pinasthika Mustika Tbk.,960,950,960,5,1.371.700,1.311.061.500,585
MPPA,Matahari Putra Prima Tbk.,61,59,59,1,37.438.800,2.235.734.700,1.747
MRAT,Mustika Ratu Tbk.,635,565,630,20,1.217.300,737.267.500,348
MREI,Maskapai Reasuransi Indonesia ,1.075,965,1.040,100,2.478.600,2.510.828.500,811
MSKY,MNC Sky Vision Tbk.,83,80,80,2,6.848.100,552.398.700,514
MTDL,Metrodata Electronics Tbk.,620,595,605,15,4.247.500,2.562.158.000,672
MTFN,Capitalinc Investment Tbk.,17,16,17,1,61.730.500,1.043.313.300,1.098
MTLA,Metropolitan Land Tbk.,500,462,500,20,1.210.900,592.082.600,191
MTSM,Metro Realty Tbk.,0,0,500,0,0,0,0
MYOH,Samindo Resources Tbk.,1.485,1.435,1.445,15,5.700,8.217.000,8
MYOR,Mayora Indah Tbk.,2.250,2.190,2.200,10,6.619.700,14.685.532.000,3.403
MYTX,Asia Pacific Investama Tbk.,0,0,36,0,0,0,0
NELY,Pelayaran Nelly Dwi Putri Tbk.,412,358,394,32,7.169.300,2.726.242.400,1.451
NIKL,Pelat Timah Nusantara Tbk.,360,346,352,2,1.560.600,552.437.400,555
NIRO,City Retail Developments Tbk.,330,306,320,12,1.234.300,388.685.400,255
NISP,Bank OCBC NISP Tbk.,1.365,1.355,1.360,0,1.335.400,1.815.912.000,523
NOBU,Bank Nationalnobu Tbk.,525,510,510,5,2.257.300,1.167.505.500,434
NRCA,Nusa Raya Cipta Tbk.,1.775,1.515,1.555,225,78.249.000,126.475.526.500,13.708
OCAP,Onix Capital Tbk.,0,0,159,0,0,0,0
OKAS,Ancora Indonesia Resources Tbk,172,157,166,10,71.159.800,11.800.787.100,6.077
OMRE,Indonesia Prima Property Tbk,0,0,410,0,0,0,0
PADI,Minna Padi Investama Sekuritas,123,108,114,3,289.732.200,33.347.379.600,15.997
PALM,Provident Investasi Bersama Tb,386,380,380,2,386.700,147.335.200,137
PANR,Panorama Sentrawisata Tbk.,670,645,670,10,536.700,351.081.000,187
PANS,Panin Sekuritas Tbk.,1.485,1.450,1.480,5,36.900,54.482.000,46
PBRX,Pan Brothers Tbk.,38,37,37,3,16.923.800,630.612.400,591
PDES,Destinasi Tirta Nusantara Tbk,585,555,580,15,50.700,28.438.000,25
PEGE,Panca Global Kapital Tbk.,266,228,236,32,30.198.800,7.363.863.800,4.219
PGAS,Perusahaan Gas Negara Tbk.,1.915,1.860,1.905,45,42.110.500,80.098.223.500,7.718
PGLI,Pembangunan Graha Lestari Inda,220,200,210,10,792.800,166.564.200,265
PICO,Pelangi Indah Canindo Tbk,228,218,224,4,1.017.200,225.776.800,271
PJAA,Pembangunan Jaya Ancol Tbk.,570,550,560,5,409.700,229.990.000,161
PKPK,Paragon Karya Perkasa Tbk.,1.150,1.100,1.130,5,1.070.500,1.209.724.000,263
PLAS,Polaris Investama Tbk,0,0,50,0,0,0,0
PLIN,Plaza Indonesia Realty Tbk.,0,0,2.510,0,0,0,0
PNBN,Bank Pan Indonesia Tbk,1.105,1.075,1.085,15,5.048.700,5.497.856.000,630
PNBS,Bank Panin Dubai Syariah Tbk.,54,53,53,0,16.206.400,860.486.200,403
PNIN,Paninvest Tbk.,800,785,800,5,1.225.900,965.782.000,133
PNLF,Panin Financial Tbk.,256,250,250,4,56.889.100,14.308.267.000,2.600
PNSE,Pudjiadi & Sons Tbk.,780,735,750,15,19.200,14.302.000,32
POLY,Asia Pacific Fibers Tbk,26,26,26,0,688.800,17.908.800,59
POOL,Pool Advista Indonesia Tbk.,0,0,50,0,0,0,0
PPRO,PP Properti Tbk.,0,0,21,0,0,0,0
PSAB,J Resources Asia Pasifik Tbk.,585,555,575,30,100.706.000,57.480.067.000,8.714
PSDN,Prasidha Aneka Niaga Tbk,139,128,133,3,7.244.200,954.243.600,1.319
PSKT,Red Planet Indonesia Tbk.,270,254,270,0,35.993.200,9.280.900.400,1.338
PTBA,Bukit Asam Tbk.,2.280,2.260,2.280,10,5.773.900,13.106.242.000,3.139
PTIS,Indo Straits Tbk.,362,334,352,12,491.200,170.098.200,146
PTPP,PP (Persero) Tbk.,360,352,358,2,12.963.900,4.611.097.000,1.040
PTRO,Petrosea Tbk.,10.850,10.625,10.700,75,10.485.300,112.093.710.000,6.746
PTSN,Sat Nusapersada Tbk,372,362,362,2,549.200,200.207.000,177
PTSP,Pioneerindo Gourmet Internatio,1.070,1.000,1.000,5,28.100,28.513.500,41
PUDP,Pudjiadi Prestige Tbk.,965,850,850,145,762.700,665.902.000,396
PWON,Pakuwon Jati Tbk.,348,344,346,2,39.548.200,13.662.528.000,3.978
PYFA,Pyridam Farma Tbk,505,488,500,0,30.597.900,15.188.351.700,3.107
RAJA,Rukun Raharja Tbk.,5.975,5.625,5.875,300,27.933.900,162.891.215.000,13.434
RALS,Ramayana Lestari Sentosa Tbk.,418,410,412,6,6.323.400,2.617.827.000,1.388
RANC,Supra Boga Lestari Tbk.,950,910,930,20,172.800,158.881.000,79
RBMS,Ristia Bintang Mahkotasejati T,43,42,42,1,1.186.800,50.771.500,83
RDTX,Roda Vivatex Tbk,12.125,12.050,12.050,500,5.400,65.300.000,16
RELI,Reliance Sekuritas Indonesia T,605,580,580,5,21.500,12.680.500,30
RICY,Ricky Putra Globalindo Tbk,105,95,105,0,1.500.300,155.264.500,157
RIGS,Rig Tenders Indonesia Tbk.,820,740,775,45,1.013.600,781.058.500,418
RIMO,Rimo International Lestari Tbk,0,0,50,0,0,0,0
RODA,Pikko Land Development Tbk.,56,48,49,2,1.313.000,67.908.100,93
ROTI,Nippon Indosari Corpindo Tbk.,785,780,785,0,158.400,123.745.000,160
RUIS,Radiant Utama Interinsco Tbk.,210,200,200,4,1.494.100,302.334.800,240
SAFE,Steady Safe Tbk,408,358,366,42,1.334.700,507.419.000,342
SAME,Sarana Meditama Metropolitan T,384,360,364,16,3.817.600,1.399.061.600,553
SCCO,Supreme Cable Manufacturing & ,2.340,2.270,2.320,0,59.500,138.096.000,47
SCMA,Surya Citra Media Tbk.,360,326,340,12,322.209.300,108.932.799.400,19.496
SCPI,Organon Pharma Indonesia Tbk.,0,0,29.000,0,0,0,0
SDMU,Sidomulyo Selaras Tbk.,101,93,94,4,6.441.500,615.674.000,616
SDPC,Millennium Pharmacon Internati,160,154,159,2,777.100,122.071.100,81
SDRA,Bank Woori Saudara Indonesia 1,282,278,280,2,520.400,145.475.000,102
SGRO,Sampoerna Agro Tbk.,7.575,7.525,7.575,0,1.641.800,12.372.735.000,300
SHID,Hotel Sahid Jaya International,905,875,900,0,30.200,26.668.000,21
SIDO,Industri Jamu dan Farmasi Sido,555,540,545,10,14.305.200,7.811.972.500,3.686
SILO,Siloam International Hospitals,2.590,2.500,2.570,20,540.200,1.373.145.000,618
SIMA,Siwani Makmur Tbk,0,0,50,0,0,0,0
SIMP,Salim Ivomas Pratama Tbk.,565,550,555,10,5.805.300,3.230.446.500,1.500
SIPD,Sreeya Sewu Indonesia Tbk.,1.170,1.160,1.160,110,90.700,105.578.000,30
SKBM,Sekar Bumi Tbk.,605,486,605,119,2.583.200,1.459.883.500,1.249
SKLT,Sekar Laut Tbk.,258,242,252,10,1.238.700,309.182.200,286
SKYB,Northcliff Citranusa Indonesia,0,0,51,0,0,0,0
SMAR,Sinar Mas Agro Resources and T,4.800,4.700,4.720,80,32.600,153.942.000,79
SMBR,Semen Baturaja Tbk.,288,284,286,4,7.658.900,2.190.197.400,544
SMCB,Solusi Bangun Indonesia Tbk.,0,0,775,0,0,0,0
SMDM,Suryamas Dutamakmur Tbk.,820,805,810,5,226.800,183.596.000,226
SMDR,Samudera Indonesia  Tbk.,360,340,350,4,90.345.600,31.641.211.600,6.222
SMGR,Semen Indonesia (Persero) Tbk.,2.710,2.650,2.700,30,8.001.100,21.430.411.000,2.722
SMMA,Sinarmas Multiartha Tbk.,13.400,12.775,13.375,525,77.800,1.027.287.500,132
SMMT,Golden Eagle Energy Tbk.,1.500,1.430,1.500,60,92.800,134.510.500,90
SMRA,Summarecon Agung Tbk.,392,382,382,6,17.571.200,6.763.715.000,2.337
SMRU,SMR Utama Tbk.,0,0,50,0,0,0,0
SMSM,Selamat Sempurna Tbk.,1.740,1.720,1.740,15,1.293.900,2.241.821.500,915
SOCI,Soechi Lines Tbk.,456,406,416,30,61.587.000,26.097.676.000,6.646
SONA,Sona Topas Tourism Industry Tb,2.250,2.150,2.160,90,9.400,20.651.000,34
SPMA,Suparma Tbk.,246,236,238,6,712.500,169.974.800,234
SQMI,Wilton Makmur Indonesia Tbk.,0,0,43,0,0,0,0
SRAJ,Sejahteraraya Anugrahjaya Tbk.,17.575,16.325,16.500,700,662.100,10.962.910.000,580
SRIL,Sri Rejeki Isman Tbk.,0,0,146,0,0,0,0
SRSN,Indo Acidatama Tbk,62,61,61,1,3.477.000,214.128.200,250
SRTG,Saratoga Investama Sedaya Tbk.,1.480,1.450,1.450,20,3.780.300,5.501.195.000,1.251
SSIA,Surya Semesta Internusa Tbk.,1.695,1.655,1.665,5,11.394.600,19.049.431.000,3.379
SSMS,Sawit Sumbermas Sarana Tbk.,1.575,1.530,1.565,0,6.845.000,10.623.798.000,787
SSTM,Sunson Textile Manufacture Tbk,0,0,2.520,0,0,0,0
STAR,Buana Artha Anugerah Tbk.,492,492,492,53,12.478.000,6.139.176.000,621
STTP,Siantar Top Tbk.,9.825,9.525,9.775,75,1.800,17.292.500,11
SUGI,Sugih Energy Tbk.,0,0,50,0,0,0,0
SULI,SLJ Global Tbk.,144,130,134,9,7.494.000,1.018.029.300,978
SUPR,Solusi Tunas Pratama Tbk.,0,0,43.850,0,0,0,0
TALF,Tunas Alfin Tbk.,620,535,545,80,1.406.400,798.792.000,926
TARA,Agung Semesta Sejahtera Tbk.,35,34,34,1,1.337.800,45.577.400,115
TAXI,Express Transindo Utama Tbk.,20,18,18,1,58.112.200,1.067.933.900,551
TBIG,Tower Bersama Infrastructure T,2.140,2.060,2.140,0,643.200,1.353.666.000,326
TBLA,Tunas Baru Lampung Tbk.,680,670,680,5,1.844.800,1.240.663.000,313
TBMS,Tembaga Mulia Semanan Tbk.,1.265,1.215,1.220,0,32.100,39.178.500,34
TCID,Mandom Indonesia Tbk.,2.950,2.940,2.950,10,4.600,13.565.000,5
TELE,Omni Inovasi Indonesia Tbk.,0,0,9,0,0,0,0
TFCO,Tifico Fiber Indonesia Tbk.,0,0,500,0,0,0,0
TGKA,Tigaraksa Satria Tbk.,4.970,4.880,4.880,80,4.900,24.049.000,28
TIFA,KDB Tifa Finance Tbk.,550,482,525,10,1.557.400,808.085.500,279
TINS,Timah Tbk.,3.410,3.240,3.370,140,38.775.400,130.004.332.000,11.618
TIRA,Tira Austenite Tbk,1.365,1.270,1.300,30,22.900,29.792.500,52
TIRT,Tirta Mahakam Resources Tbk,0,0,116,0,0,0,0
TKIM,Pabrik Kertas Tjiwi Kimia Tbk.,7.175,7.075,7.150,25,632.200,4.490.457.500,458
TLKM,Telkom Indonesia (Persero) Tbk,3.490,3.420,3.470,60,113.720.300,392.934.701.000,11.814
TMAS,Temas Tbk.,134,131,131,1,15.821.300,2.085.045.800,1.105
TMPO,Tempo Intimedia Tbk.,172,165,168,1,5.654.400,951.470.300,1.323
TOBA,TBS Energi Utama Tbk.,780,710,725,45,62.840.100,45.925.386.000,11.123
TOTL,Total Bangun Persada Tbk.,1.025,1.000,1.010,15,4.753.100,4.794.656.000,761
TOTO,Surya Toto Indonesia Tbk.,274,268,270,2,1.016.000,273.969.200,493
TOWR,Sarana Menara Nusantara Tbk.,590,575,580,0,48.517.700,28.221.043.500,4.690
TPIA,Chandra Asri Pacific Tbk.,7.175,7.050,7.050,125,3.809.900,27.030.310.000,2.289
TPMA,Trans Power Marine Tbk.,570,555,560,5,5.820.300,3.257.955.500,1.445
TRAM,Trada Alam Minera Tbk.,0,0,50,0,0,0,0
TRIL,Triwira Insanlestari Tbk.,0,0,50,0,0,0,0
TRIM,Trimegah Sekuritas Indonesia T,695,650,680,5,371.400,249.833.000,205
TRIO,Trikomsel Oke Tbk.,0,0,426,0,0,0,0
TRIS,Trisula International Tbk.,202,189,192,4,2.599.000,506.159.600,919
TRST,Trias Sentosa Tbk.,428,418,420,10,154.300,65.302.000,70
TRUS,Trust Finance Indonesia Tbk,476,436,460,4,40.900,18.867.000,80
TSPC,Tempo Scan Pacific Tbk.,2.780,2.720,2.760,20,653.900,1.793.578.000,489
ULTJ,Ultrajaya Milk Industry & Trad,1.495,1.465,1.475,20,1.503.200,2.218.306.000,959
UNIC,Unggul Indah Cahaya Tbk.,9.075,8.925,9.075,100,1.200,10.795.000,10
UNIT,Nusantara Inti Corpora Tbk,0,0,316,0,0,0,0
UNSP,Bakrie Sumatera Plantations Tb,450,420,436,16,3.973.400,1.730.466.800,258
UNTR,United Tractors Tbk.,30.500,29.200,29.975,175,5.642.100,169.918.372.500,9.093
UNVR,Unilever Indonesia Tbk.,2.730,2.670,2.700,70,22.606.200,60.856.951.000,8.748
VICO,Victoria Investama Tbk.,218,210,212,4,328.000,69.738.800,145
VINS,Victoria Insurance Tbk.,169,155,155,10,1.592.200,252.851.400,479
VIVA,Visi Media Asia Tbk.,54,50,50,4,118.714.600,6.027.121.200,1.430
VOKS,Voksel Electric Tbk.,266,256,258,8,129.100,33.526.600,85
VRNA,Mizuho Leasing Indonesia Tbk.,90,84,88,0,2.557.100,220.744.600,191
WAPO,Wahana Pronatural Tbk.,188,181,183,2,527.700,97.392.800,236
WEHA,WEHA Transportasi Indonesia Tb,165,124,153,21,298.846.600,45.225.978.100,25.431
WICO,Wicaksana Overseas Internation,0,0,123,0,0,0,0
WIIM,Wismilak Inti Makmur Tbk.,1.625,1.515,1.535,20,8.050.800,12.661.722.000,4.762
WIKA,Wijaya Karya (Persero) Tbk.,0,0,204,0,0,0,0
WINS,Wintermar Offshore Marine Tbk.,510,480,490,0,6.156.800,3.049.829.000,1.137
WOMF,Wahana Ottomitra Multiartha Tb,328,324,326,2,77.900,25.395.200,42
WSKT,Waskita Karya (Persero) Tbk.,0,0,202,0,0,0,0
WTON,Wijaya Karya Beton Tbk.,102,98,100,0,16.364.400,1.639.268.100,868
YPAS,Yanaprima Hastapersada Tbk,635,610,620,10,45.100,27.970.500,46
YULE,Yulie Sekuritas Indonesia Tbk.,3.370,2.800,3.200,500,95.100,317.810.000,132
ZBRA,Dosni Roha Indonesia Tbk.,0,0,50,0,0,0,0
SHIP,Sillo Maritime Perdana Tbk.,4.710,4.620,4.700,10,16.300,76.130.000,52
CASA,Capital Financial Indonesia Tb,1.640,1.595,1.600,0,404.000,647.096.000,162
DAYA,Duta Intidaya Tbk.,1.290,1.250,1.265,15,31.000,39.542.500,31
DPUM,Dua Putra Utama Makmur Tbk.,276,190,276,54,117.078.200,31.064.910.100,10.558
IDPR,Indonesia Pondasi Raya Tbk.,282,274,278,2,111.800,31.015.400,83
JGLE,Graha Andrasentra Propertindo ,38,38,38,4,115.936.600,4.405.590.800,2.267
KINO,Kino Indonesia Tbk.,1.385,1.335,1.340,45,28.700,39.064.500,39
MARI,Mahaka Radio Integra Tbk.,32,31,32,0,3.432.100,107.989.700,115
MKNT,Mitra Komunikasi Nusantara Tbk,0,0,1,0,0,0,0
MTRA,Mitra Pemuda Tbk.,0,0,244,0,0,0,0
OASA,Maharaksa Biru Energi Tbk.,262,246,250,8,111.398.100,28.071.105.600,7.489
POWR,Cikarang Listrindo Tbk.,705,700,700,5,2.628.600,1.843.307.000,517
INCF,Indo Komoditi Korpora Tbk.,62,61,61,2,1.280.300,78.914.800,84
WSBP,Waskita Beton Precast Tbk.,24,23,24,0,47.067.800,1.090.990.600,920
PBSA,Paramita Bangun Sarana Tbk.,1.640,1.410,1.615,155,7.478.600,11.635.050.500,1.440
PRDA,Prodia Widyahusada Tbk.,2.410,2.350,2.410,60,893.600,2.137.279.000,298
BOGA,Bintang Oto Global Tbk.,1.150,1.025,1.110,10,145.400,159.034.000,136
BRIS,Bank Syariah Indonesia Tbk.,2.260,2.220,2.220,20,6.589.700,14.690.428.000,4.293
PORT,Nusantara Pelabuhan Handal Tbk,1.575,1.285,1.285,225,645.100,848.953.000,528
CARS,Industri dan Perdagangan Bintr,125,122,124,0,17.505.000,2.155.687.600,590
MINA,Sanurhasta Mitra Tbk.,358,358,358,38,36.029.300,12.898.489.400,3.450
CLEO,Sariguna Primatirta Tbk.,466,460,464,2,7.574.800,3.506.709.200,1.373
TAMU,Pelayaran Tamarin Samudra Tbk.,37,34,37,3,36.740.000,1.306.346.500,769
CSIS,Cahayasakti Investindo Sukses ,468,376,376,66,62.741.900,24.218.534.400,7.731
TGRA,Terregra Asia Energy Tbk.,0,0,27,0,0,0,0
FIRE,Alfa Energi Investama Tbk.,175,133,158,26,616.570.900,98.670.596.700,54.758
TOPS,Totalindo Eka Persada Tbk.,0,0,1,0,0,0,0
KMTR,Kirana Megatara Tbk.,280,274,276,0,135.700,37.646.200,41
ARMY,Armidian Karyatama Tbk.,0,0,50,0,0,0,0
MAPB,MAP Boga Adiperkasa Tbk.,1.540,1.450,1.530,10,3.800,5.581.500,15
WOOD,Integra Indocabinet Tbk.,370,352,362,6,4.797.700,1.732.847.600,787
HRTA,Hartadinata Abadi Tbk.,2.000,1.755,1.875,180,85.455.100,159.842.232.500,19.711
MABA,Marga Abhinaya Abadi Tbk.,0,0,50,0,0,0,0
HOKI,Buyung Poetra Sembada Tbk.,75,73,74,0,40.722.400,3.018.251.800,1.185
MPOW,Megapower Makmur Tbk.,124,121,121,2,3.777.100,459.665.000,437
MARK,Mark Dynamics Indonesia Tbk.,865,800,825,30,24.772.600,20.624.913.500,3.731
NASA,Andalan Perkasa Abadi Tbk.,39,39,39,0,1.041.500,40.618.500,89
MDKI,Emdeki Utama Tbk.,214,204,206,6,1.450.000,300.763.800,332
BELL,Trisula Textile Industries Tbk,72,66,68,3,25.524.700,1.756.449.700,1.729
KIOS,Kioson Komersial Indonesia Tbk,0,0,266,0,0,0,0
GMFI,Garuda Maintenance Facility Ae,96,95,96,8,23.914.500,2.280.875.600,705
MTWI,Malacca Trust Wuwungan Insuran,380,352,370,4,158.300,57.026.600,65
ZINC,Kapuas Prima Coal Tbk.,32,30,31,1,10.926.000,341.201.300,326
MCAS,M Cash Integrasi Tbk.,585,570,570,15,221.400,127.198.000,221
PPRE,PP Presisi Tbk.,131,123,127,1,31.169.800,3.961.390.700,2.587
WEGE,Wijaya Karya Bangunan Gedung T,70,67,68,1,16.940.300,1.161.861.800,664
PSSI,IMC Pelita Logistik Tbk.,374,360,364,4,399.700,145.516.800,159
MORA,Mora Telematika Indonesia Tbk.,10.600,9.375,10.125,325,1.633.300,16.227.525.000,1.540
DWGL,Dwi Guna Laksana Tbk.,328,310,314,10,2.607.900,825.627.200,581
PBID,Panca Budi Idaman Tbk.,484,478,482,0,1.625.100,779.220.200,553
JMAS,Asuransi Jiwa Syariah Jasa Mit,197,174,182,8,11.562.600,2.129.354.600,1.658
CAMP,Campina Ice Cream Industry Tbk,220,214,216,0,2.217.900,480.892.800,311
IPCM,Jasa Armada Indonesia Tbk.,370,362,366,4,3.645.700,1.334.585.400,1.013
PCAR,Prima Cakrawala Abadi Tbk.,39,38,38,0,6.129.000,232.942.000,96
LCKM,LCK Global Kedaton Tbk.,302,252,292,22,767.800,214.650.000,356
BOSS,Borneo Olah Sarana Sukses Tbk.,0,0,50,0,0,0,0
HELI,Jaya Trishindo Tbk.,238,216,218,8,992.200,221.074.600,261
JSKY,Sky Energy Indonesia Tbk.,0,0,52,0,0,0,0
INPS,Indah Prakasa Sentosa Tbk.,0,0,308,0,0,0,0
GHON,Gihon Telekomunikasi Indonesia,1.695,1.645,1.655,20,33.500,55.827.000,47
TDPM,Tianrong Chemicals Industry Tb,0,0,119,0,0,0,0
DFAM,Dafam Property Indonesia Tbk.,100,98,98,1,3.828.400,377.683.500,394
NICK,Charnic Capital Tbk.,1.395,1.170,1.355,160,136.000,173.574.000,187
BTPS,Bank BTPN Syariah Tbk.,1.210,1.185,1.205,5,4.829.100,5.762.482.500,1.696
SPTO,Surya Pertiwi Tbk.,645,635,640,5,489.300,312.795.500,209
PRIM,Royal Prima Tbk.,84,81,82,1,3.335.800,274.655.400,509
HEAL,Medikaloka Hermina Tbk.,1.405,1.375,1.400,30,1.574.200,2.182.895.500,852
TRUK,Guna Timur Raya Tbk.,600,500,565,60,1.355.400,765.355.000,982
PZZA,Sarimelati Kencana Tbk.,222,216,218,0,980.400,213.437.400,200
TUGU,Asuransi Tugu Pratama Indonesi,1.115,1.090,1.110,15,1.626.700,1.795.198.000,390
MSIN,MNC Digital Entertainment Tbk.,424,416,420,2,31.138.400,13.041.141.000,7.149
SWAT,Sriwahana Adityakarta Tbk.,0,0,16,0,0,0,0
TNCA,Trimuda Nuansa Citra Tbk.,270,240,250,20,2.960.600,756.991.200,694
MAPA,Map Aktif Adiperkasa Tbk.,725,705,715,0,22.363.400,15.928.258.500,2.848
TCPI,Transcoal Pacific Tbk.,9.000,8.500,8.975,475,12.764.800,112.595.132.500,3.964
IPCC,Indonesia Kendaraan Terminal T,1.415,1.395,1.405,5,2.482.800,3.492.715.000,1.196
RISE,Jaya Sukses Makmur Sentosa Tbk,9.450,8.800,8.900,225,605.100,5.441.485.000,575
BPTR,Batavia Prosperindo Trans Tbk.,90,88,90,0,147.300,13.013.000,73
POLL,Pollux Properties Indonesia Tb,0,0,112,0,0,0,0
NFCX,NFC Indonesia Tbk.,1.785,1.700,1.700,10,95.300,165.474.500,32
MGRO,Mahkota Group Tbk.,760,750,760,5,4.631.600,3.497.677.500,337
NUSA,Sinergi Megah Internusa Tbk.,0,0,50,0,0,0,0
FILM,MD Entertainment Tbk.,9.725,9.725,9.725,875,2.475.400,24.073.265.000,1.284
ANDI,Andira Agro Tbk.,29,27,27,2,23.371.100,653.556.000,581
LAND,Trimitra Propertindo Tbk.,48,48,48,4,16.033.700,769.617.600,470
MOLI,Madusari Murni Indah Tbk.,310,304,304,4,1.395.200,425.704.400,370
PANI,Pantai Indah Kapuk Dua Tbk.,13.200,11.825,12.225,975,35.202.200,436.652.565.000,22.745
DIGI,Arkadia Digital Media Tbk.,35,35,35,1,326.700,11.434.500,51
CITY,Natura City Developments Tbk.,474,416,416,46,1.480.100,638.005.200,324
SAPX,Satria Antaran Prima Tbk.,306,298,302,0,339.100,101.879.800,113
SURE,Super Energy Tbk.,2.650,2.500,2.610,60,8.300,21.331.000,33
HKMU,HK Metals Utama Tbk.,0,0,50,0,0,0,0
MPRO,Maha Properti Indonesia Tbk.,11.500,11.500,11.500,0,7.100,81.650.000,15
DUCK,Jaya Bersama Indo Tbk.,0,0,176,0,0,0,0
GOOD,Garudafood Putra Putri Jaya Tb,364,352,364,6,810.700,289.673.600,262
SKRN,Superkrane Mitra Utama Tbk.,565,550,555,10,294.300,163.366.000,206
YELO,Yelooo Integra Datanet Tbk.,0,0,150,0,0,0,0
CAKK,Cahayaputra Asa Keramik Tbk.,179,175,177,1,78.300,13.717.400,43
SATU,Kota Satu Properti Tbk.,264,262,262,2,3.172.200,831.144.200,794
SOSS,Shield On Service Tbk.,1.025,1.025,1.025,90,76.100,78.002.500,63
DEAL,Dewata Freightinternational Tb,0,0,6,0,0,0,0
POLA,Pool Advista Finance Tbk.,54,51,54,3,2.529.500,133.023.300,124
DIVA,Distribusi Voucher Nusantara T,172,167,167,3,1.015.900,171.152.300,191
LUCK,Sentral Mitra Informatika Tbk.,130,122,126,2,18.416.500,2.324.292.900,2.212
URBN,Urban Jakarta Propertindo Tbk.,262,236,242,14,2.069.400,507.095.000,577
SOTS,Satria Mega Kencana Tbk.,0,0,1.075,0,0,0,0
ZONE,Mega Perintis Tbk.,525,510,525,0,4.500,2.342.500,22
PEHA,Phapros Tbk.,312,296,300,2,261.300,78.589.400,114
FOOD,Sentra Food Indonesia Tbk.,380,370,370,10,202.600,76.812.000,17
BEEF,Estika Tata Tiara Tbk.,525,434,434,76,97.299.200,44.420.299.200,11.171
POLI,Pollux Hotels Group Tbk.,985,985,985,0,19.500,19.207.500,16
CLAY,Citra Putra Realty Tbk.,2.840,2.300,2.500,20,655.400,1.624.229.000,758
NATO,Surya Permata Andalan Tbk.,0,0,316,0,0,0,0
JAYA,Armada Berjaya Trans Tbk.,154,108,110,9,217.294.200,27.834.109.800,16.137
COCO,Wahana Interfood Nusantara Tbk,332,316,320,4,19.543.600,6.296.655.400,1.729
MTPS,Meta Epsi Tbk.,0,0,81,0,0,0,0
CPRI,Capri Nusa Satu Properti Tbk.,0,0,50,0,0,0,0
HRME,Menteng Heritage Realty Tbk.,55,55,55,5,10.623.600,584.298.000,292
POSA,Bliss Properti Indonesia Tbk.,0,0,50,0,0,0,0
JAST,Jasnita Telekomindo Tbk.,107,100,102,0,23.231.000,2.391.971.600,949
FITT,Hotel Fitra International Tbk.,635,540,540,95,3.218.000,1.813.503.000,1.082
BOLA,Bali Bintang Sejahtera Tbk.,181,171,175,1,4.145.500,726.919.900,424
CCSI,Communication Cable Systems In,340,308,330,8,1.218.400,396.887.600,478
SFAN,Surya Fajar Capital Tbk.,1.945,1.940,1.940,0,76.900,149.219.500,42
POLU,Golden Flower Tbk.,15.400,15.000,15.125,1350,8.000,121.140.000,62
KJEN,Krida Jaringan Nusantara Tbk.,222,202,208,18,4.317.500,905.345.600,700
KAYU,Darmi Bersaudara Tbk.,0,0,18,0,0,0,0
ITIC,Indonesian Tobacco Tbk.,362,342,344,18,1.769.300,615.199.000,571
PAMG,Bima Sakti Pertiwi Tbk.,86,72,86,20,459.143.000,36.466.752.600,21.689
IPTV,MNC Vision Networks Tbk.,50,50,50,1,40.266.800,2.013.340.000,781
BLUE,Berkah Prima Perkasa Tbk.,3.000,2.880,3.000,100,122.000,355.153.000,164
ENVY,Envy Technologies Indonesia Tb,0,0,50,0,0,0,0
EAST,Eastparc Hotel Tbk.,100,94,97,2,7.497.600,728.367.600,715
LIFE,MSIG Life Insurance Indonesia ,7.900,7.700,7.900,100,2.400,18.680.000,13
FUJI,Fuji Finance Indonesia Tbk.,700,695,700,0,332.400,231.309.500,80
KOTA,DMS Propertindo Tbk.,55,55,55,6,7.066.800,388.674.000,439
INOV,Inocycle Technology Group Tbk.,134,129,129,1,2.535.000,329.106.900,201
ARKA,Arkha Jayanti Persada Tbk.,36,35,35,1,2.745.100,96.247.600,152
SMKL,Satyamitra Kemas Lestari Tbk.,176,174,175,1,241.800,42.344.400,55
HDIT,Hensel Davest Indonesia Tbk.,81,70,71,3,40.226.900,2.996.292.900,3.470
KEEN,Kencana Energi Lestari Tbk.,1.010,990,1.000,5,4.472.400,4.466.924.000,870
BAPI,Bhakti Agung Propertindo Tbk.,30,30,30,0,5.783.000,173.490.000,254
TFAS,Telefast Indonesia Tbk.,304,288,298,2,1.066.400,313.752.600,272
GGRP,Gunung Raja Paksi Tbk.,300,272,290,10,8.257.600,2.336.430.400,1.529
OPMS,Optima Prima Metal Sinergi Tbk,128,120,122,7,14.099.800,1.733.224.500,1.444
NZIA,Nusantara Almazia Tbk.,121,110,114,6,6.746.000,781.315.800,795
SLIS,Gaya Abadi Sempurna Tbk.,94,90,91,2,16.377.300,1.499.704.200,1.403
PURE,Trinitan Metals and Minerals T,0,0,51,0,0,0,0
IRRA,Itama Ranoraya Tbk.,450,434,434,10,1.699.000,749.144.000,488
DMMX,Digital Mediatama Maxima Tbk.,372,356,362,10,3.116.400,1.127.085.200,557
SINI,Singaraja Putra Tbk.,10.750,10.750,10.750,975,618.100,6.644.575.000,148
WOWS,Ginting Jaya Energi Tbk.,94,88,88,4,36.957.700,3.331.763.100,3.450
ESIP,Sinergi Inti Plastindo Tbk.,86,77,81,5,14.619.400,1.181.761.300,1.937
TEBE,Dana Brata Luhur Tbk.,2.330,2.090,2.290,170,7.969.700,17.907.478.000,3.252
KEJU,Mulia Boga Raya Tbk.,650,620,625,20,682.300,428.037.500,291
PSGO,Palma Serasih Tbk.,216,202,208,6,1.088.700,225.853.400,242
AGAR,Asia Sejahtera Mina Tbk.,242,236,236,0,40.000,9.497.800,34
IFSH,Ifishdeco Tbk.,810,770,800,5,19.000,14.946.500,21
REAL,Repower Asia Indonesia Tbk.,70,66,67,2,66.791.300,4.474.297.700,4.149
IFII,Indonesia Fibreboard Industry ,226,220,222,0,61.700,13.725.800,44
PMJS,Putra Mandiri Jembar Tbk.,115,113,114,0,85.200,9.640.100,38
UCID,Uni-Charm Indonesia Tbk.,424,418,418,2,708.100,297.530.800,167
GLVA,Galva Technologies Tbk.,402,398,398,0,22.500,8.997.400,25
PGJO,Bahtera Bumi Raya Tbk.,1.060,1.000,1.010,25,3.003.100,3.024.832.000,551
AMAR,Bank Amar Indonesia Tbk.,232,224,224,8,1.220.900,276.767.800,532
CSRA,Cisadane Sawit Raya Tbk.,945,925,925,20,1.219.000,1.137.956.500,335
INDO,Royalindo Investa Wijaya Tbk.,360,354,360,4,15.363.700,5.526.394.400,1.509
AMOR,Ashmore Asset Management Indon,388,380,384,2,394.600,150.902.200,175
TRIN,Perintis Triniti Properti Tbk.,845,740,795,40,30.187.500,23.550.694.500,4.407
DMND,Diamond Food Indonesia Tbk.,745,690,740,40,1.397.000,988.971.500,330
PURA,Putra Rajawali Kencana Tbk.,44,42,42,4,17.421.100,751.263.700,455
PTPW,Pratama Widya Tbk.,995,980,990,15,995.400,984.498.500,197
TAMA,Lancartama Sejati Tbk.,40,37,40,2,1.118.400,43.560.400,86
IKAN,Era Mandiri Cemerlang Tbk.,115,113,114,0,4.008.800,454.894.800,648
SAMF,Saraswanti Anugerah Makmur Tbk,314,306,312,2,100.000,31.134.800,88
SBAT,Sejahtera Bintang Abadi Textil,0,0,1,0,0,0,0
KBAG,Karya Bersama Anugerah Tbk.,49,48,48,0,7.058.600,340.671.200,252
CBMF,Cahaya Bintang Medan Tbk.,0,0,50,0,0,0,0
RONY,Aracord Nusantara Group Tbk.,3.890,3.780,3.890,0,32.300,122.930.000,69
CSMI,Cipta Selera Murni Tbk.,262,230,262,34,63.255.900,15.586.137.600,6.272
BBSS,Bumi Benowo Sukses Sejahtera T,412,398,406,0,13.400,5.405.400,43
BHAT,Bhakti Multi Artha Tbk.,1.330,1.280,1.285,45,64.000,82.829.500,43
CASH,Cashlez Worldwide Indonesia Tb,105,101,102,1,445.000,45.549.800,155
TECH,Indosterling Technomedia Tbk.,0,0,50,0,0,0,0
EPAC,Megalestari Epack Sentosaraya ,42,40,42,2,9.600.900,390.939.600,246
UANG,Pakuan Tbk.,4.790,4.320,4.500,140,709.600,3.233.782.000,580
PGUN,Pradiksi Gunatama Tbk.,10.475,9.850,9.850,150,131.400,1.320.567.500,291
SOFA,Boston Furniture Industries Tb,440,396,396,42,14.799.100,5.927.617.800,942
PPGL,Prima Globalindo Logistik Tbk.,158,138,151,2,11.105.800,1.604.940.900,890
TOYS,Sunindo Adipersada Tbk.,0,0,8,0,0,0,0
SGER,Sumber Global Energy Tbk.,410,398,410,0,24.685.600,9.988.780.800,1.497
TRJA,Transkon Jaya Tbk.,199,169,173,11,12.581.300,2.280.807.500,2.055
PNGO,Pinago Utama Tbk.,3.050,3.020,3.040,20,5.900,17.926.000,24
SCNP,Selaras Citra Nusantara Perkas,161,155,157,4,93.600,14.827.400,32
BBSI,Krom Bank Indonesia Tbk.,4.030,3.810,3.920,10,15.800,62.161.000,62
KMDS,Kurniamitra Duta Sentosa Tbk.,695,675,680,15,42.300,28.634.000,47
PURI,Puri Global Sukses Tbk.,278,240,246,24,10.757.700,2.685.018.200,1.788
SOHO,Soho Global Health Tbk.,1.315,1.285,1.295,20,18.200,23.625.000,57
HOMI,Grand House Mulia Tbk.,810,685,735,25,5.043.900,3.808.819.500,520
ROCK,Rockfields Properti Indonesia ,0,0,1.655,0,0,0,0
ENZO,Morenzo Abadi Perkasa Tbk.,47,45,45,3,682.400,30.840.000,48
PLAN,Planet Properindo Jaya Tbk.,46,44,44,2,2.324.200,104.145.500,179
PTDU,Djasa Ubersakti Tbk.,0,0,113,0,0,0,0
ATAP,Trimitra Prawara Goldland Tbk.,416,416,416,82,3.173.400,1.320.134.400,138
VICI,Victoria Care Indonesia Tbk.,765,635,645,55,3.436.000,2.410.181.000,532
PMMP,Panca Mitra Multiperdana Tbk.,0,0,50,0,0,0,0
BANK,Bank Aladin Syariah Tbk.,950,910,925,5,6.058.100,5.603.826.000,842
WMUU,Widodo Makmur Unggas Tbk.,64,63,64,2,76.951.900,4.882.861.700,1.410
EDGE,Indointernet Tbk.,4.670,4.400,4.540,30,27.000,121.955.000,77
UNIQ,Ulima Nitra Tbk.,505,490,498,6,41.709.900,20.748.452.600,1.107
BEBS,Berkah Beton Sadaya Tbk.,0,0,5,0,0,0,0
SNLK,Sunter Lakeside Hotel Tbk.,394,336,370,24,2.478.800,879.157.400,567
ZYRX,Zyrexindo Mandiri Buana Tbk.,162,157,158,2,738.600,117.476.100,263
LFLO,Imago Mulia Persada Tbk.,725,615,695,20,25.100,17.052.000,72
FIMP,Fimperkasa Utama Tbk.,0,0,69,0,0,0,0
TAPG,Triputra Agro Persada Tbk.,1.510,1.480,1.490,10,9.900.900,14.750.268.000,5.661
NPGF,Nusa Palapa Gemilang Tbk.,59,57,58,0,6.940.200,401.198.300,378
LUCY,Lima Dua Lima Tiga Tbk.,366,330,366,0,7.115.400,2.445.852.000,271
ADCP,Adhi Commuter Properti Tbk.,57,55,56,1,26.911.200,1.500.303.000,1.005
HOPE,Harapan Duta Pertiwi Tbk.,143,129,135,2,103.464.900,14.190.151.400,2.053
MGLV,Panca Anugrah Wisesa Tbk.,0,0,2.200,0,0,0,0
TRUE,Triniti Dinamik Tbk.,204,204,204,22,10.326.500,2.106.606.000,800
LABA,Green Power Group Tbk.,175,160,164,11,42.014.600,6.962.578.400,4.902
ARCI,Archi Indonesia Tbk.,1.730,1.625,1.680,95,216.358.900,362.366.981.000,41.990
IPAC,Era Graharealty Tbk.,183,178,179,5,83.400,15.034.700,43
MASB,Bank Multiarta Sentosa Tbk.,3.380,3.290,3.320,30,7.600,25.646.000,10
BMHS,Bundamedik Tbk.,197,183,192,2,7.018.900,1.349.061.600,1.265
FLMC,Falmaco Nonwoven Industri Tbk.,123,107,109,5,3.406.400,389.362.300,727
NICL,PAM Mineral Tbk.,1.115,1.050,1.095,20,42.379.700,46.058.265.500,2.392
UVCR,Trimegah Karya Pratama Tbk.,145,124,135,3,83.611.400,11.447.963.200,5.610
BUKA,Bukalapak.com Tbk.,163,154,155,7,260.214.500,40.903.354.000,6.485
HAIS,Hasnur Internasional Shipping ,240,228,230,8,6.251.900,1.450.678.000,791
OILS,Indo Oil Perkasa Tbk.,256,234,236,18,6.635.500,1.621.078.600,1.228
GPSO,Geoprima Solusi Tbk.,825,755,760,25,3.159.200,2.465.628.000,821
MCOL,Prima Andalan Mandiri Tbk.,3.800,3.690,3.700,0,21.100,78.312.000,33
RSGK,Kedoya Adyaraya Tbk.,0,0,980,0,0,0,0
RUNS,Global Sukses Solusi Tbk.,98,90,93,3,2.834.600,272.424.000,821
SBMA,Surya Biru Murni Acetylene Tbk,133,130,131,1,690.000,90.786.300,94
CMNT,Cemindo Gemilang Tbk.,815,790,805,10,16.720.500,13.337.370.500,1.117
GTSI,GTS Internasional Tbk.,246,236,236,26,120.351.000,28.921.480.600,4.762
IDEA,Idea Indonesia Akademi Tbk.,105,97,97,10,12.839.700,1.260.824.800,768
KUAS,Ace Oldfields Tbk.,77,71,74,4,34.939.400,2.570.533.000,2.271
BOBA,Formosa Ingredient Factory Tbk,195,189,192,1,226.900,43.310.000,106
MTEL,Dayamitra Telekomunikasi Tbk.,605,585,600,15,6.965.400,4.148.132.000,706
DEPO,Caturkarda Depo Bangunan Tbk.,288,274,276,10,562.700,158.896.600,191
BINO,Perma Plasindo Tbk.,136,134,134,3,1.340.200,180.671.100,255
CMRY,Cisarua Mountain Dairy Tbk.,5.550,5.350,5.550,175,2.332.900,12.738.625.000,2.032
WGSH,Wira Global Solusi Tbk.,250,216,226,12,2.381.000,526.641.800,373
TAYS,Jaya Swarasa Agung Tbk.,79,77,77,2,5.927.500,457.550.600,421
WMPP,Widodo Makmur Perkasa Tbk.,0,0,12,0,0,0,0
RMKE,RMK Energy Tbk.,4.990,4.850,4.920,10,21.045.400,103.783.873.000,4.684
OBMD,OBM Drilchem Tbk.,276,266,272,0,1.829.600,496.421.800,104
AVIA,Avia Avian Tbk.,464,454,462,10,8.948.100,4.116.876.000,2.391
IPPE,Indo Pureco Pratama Tbk.,0,0,14,0,0,0,0
NASI,Wahana Inti Makmur Tbk.,111,106,107,2,6.670.300,721.221.300,631
BSML,Bintang Samudera Mandiri Lines,256,214,254,28,52.243.400,12.584.425.800,3.171
DRMA,Dharma Polimetal Tbk.,1.060,1.030,1.050,10,610.700,637.862.500,378
ADMR,Alamtri Minerals Indonesia Tbk,1.430,1.350,1.415,55,49.434.100,69.068.652.500,12.478
SEMA,Semacom Integrated Tbk.,124,118,121,1,2.268.500,276.430.400,312
ASLC,Autopedia Sukses Lestari Tbk.,88,84,85,2,40.728.900,3.475.947.200,1.892
NETV,MDTV Media Technologies Tbk.,157,117,147,30,419.094.500,61.383.136.600,39.546
BAUT,Mitra Angkasa Sejahtera Tbk.,39,38,38,1,3.205.500,122.930.700,112
ENAK,Champ Resto Indonesia Tbk.,635,595,605,35,430.600,260.115.000,75
NTBK,Nusatama Berkah Tbk.,122,105,110,4,49.376.100,5.641.709.700,4.116
SMKM,Sumber Mas Konstruksi Tbk.,118,112,116,1,8.379.000,972.771.400,652
STAA,Sumber Tani Agung Resources Tb,1.350,1.315,1.340,5,5.056.200,6.742.878.000,879
NANO,Nanotech Indonesia Global Tbk.,45,40,40,4,38.634.700,1.581.581.300,1.578
BIKE,Sepeda Bersama Indonesia Tbk.,770,745,760,0,9.823.900,7.452.138.500,2.927
WIRG,WIR ASIA Tbk.,104,96,97,5,251.412.100,24.807.869.400,9.038
SICO,Sigma Energy Compressindo Tbk.,129,125,125,2,2.438.000,305.999.000,451
GOTO,GoTo Gojek Tokopedia Tbk.,66,64,64,1,2.113.323.700,136.609.465.500,21.199
TLDN,Teladan Prima Agro Tbk.,695,670,685,5,1.112.400,766.743.500,198
MTMH,Murni Sadar Tbk.,1.165,1.150,1.150,0,4.600,5.305.000,11
WINR,Winner Nusantara Jaya Tbk.,42,42,42,0,9.640.500,404.901.000,351
IBOS,Indo Boga Sukses Tbk.,73,69,69,4,17.139.600,1.219.390.500,592
OLIV,Oscar Mitra Sukses Sejahtera T,87,75,78,4,20.003.800,1.576.737.200,1.623
ASHA,Cilacap Samudera Fishing Indus,78,70,72,4,80.848.700,5.829.432.800,5.933
SWID,Saraswanti Indoland Developmen,127,121,125,1,4.691.200,585.247.600,537
TRGU,Cerestar Indonesia Tbk.,200,194,199,1,232.400,45.849.600,84
ARKO,Arkora Hydro Tbk.,4.200,3.880,4.200,80,3.010.100,12.025.388.000,497
CHEM,Chemstar Indonesia Tbk.,102,96,98,3,5.749.900,562.937.300,632
DEWI,Dewi Shri Farmindo Tbk.,170,144,153,14,163.622.900,25.320.666.600,11.171
AXIO,Tera Data Indonusa Tbk.,132,129,132,1,864.200,112.575.300,265
KRYA,Bangun Karya Perkasa Jaya Tbk.,179,168,170,0,16.586.700,2.836.706.800,1.560
HATM,Habco Trans Maritima Tbk.,412,390,404,4,12.315.500,4.930.535.000,740
RCCC,Utama Radar Cahaya Tbk.,180,171,178,1,693.000,121.360.500,185
GULA,Aman Agrindo Tbk.,280,274,278,2,1.131.600,312.180.000,472
JARR,Jhonlin Agro Raya Tbk.,3.360,3.150,3.200,20,5.071.300,16.467.120.000,3.203
AMMS,Agung Menjangan Mas Tbk.,420,378,378,40,4.719.800,1.823.875.800,576
RAFI,Sari Kreasi Boga Tbk.,36,35,35,0,5.129.000,182.273.900,192
KKES,Kusuma Kemindo Sentosa Tbk.,31,30,30,1,4.541.500,137.552.000,106
ELPI,Pelayaran Nasional Ekalya Purn,790,695,750,50,5.132.400,3.805.171.000,1.676
EURO,Estee Gold Feet Tbk.,268,250,254,6,137.200,35.010.200,79
KLIN,Klinko Karya Imaji Tbk.,172,152,152,14,264.200,43.300.800,63
TOOL,Rohartindo Nusantara Luas Tbk.,66,58,60,0,26.248.400,1.643.363.600,4.007
BUAH,Segar Kumala Indonesia Tbk.,670,655,665,5,158.400,104.556.500,69
CRAB,Toba Surimi Industries Tbk.,266,260,262,2,3.482.700,914.880.200,181
MEDS,Hetzer Medical Indonesia Tbk.,75,67,69,4,11.358.000,790.623.300,1.125
COAL,Black Diamond Resources Tbk.,101,82,93,1,1.276.748.200,117.422.503.600,61.791
PRAY,Famon Awal Bros Sedaya Tbk.,845,800,835,5,184.700,153.935.500,39
CBUT,Citra Borneo Utama Tbk.,1.075,1.010,1.040,20,110.600,115.835.000,210
BELI,Global Digital Niaga Tbk.,474,466,472,2,11.971.200,5.632.453.600,420
MKTR,Menthobi Karyatama Raya Tbk.,150,144,147,0,1.302.300,190.543.500,172
OMED,Jayamas Medica Industri Tbk.,212,202,212,2,3.281.800,680.332.400,512
BSBK,Wulandari Bangun Laksana Tbk.,73,69,69,3,59.392.500,4.137.931.000,3.691
PDPP,Primadaya Plastisindo Tbk.,338,316,330,0,135.900,44.693.000,135
KDTN,Puri Sentul Permai Tbk.,1.005,825,840,130,20.160.100,17.522.979.000,4.252
ZATA,Bersama Zatta Jaya Tbk.,63,60,60,2,21.758.800,1.331.881.700,1.521
NINE,Techno9 Indonesia Tbk.,0,0,310,0,0,0,0
MMIX,Multi Medika Internasional Tbk,230,214,224,6,4.112.400,905.698.600,463
PADA,Personel Alih Daya Tbk.,258,206,224,16,137.690.800,31.075.675.800,10.644
ISAP,Isra Presisi Indonesia Tbk.,29,28,28,1,14.409.800,406.586.300,679
VTNY,Venteny Fortuna International ,94,91,93,0,27.022.900,2.486.938.700,1.278
SOUL,Mitra Tirta Buwana Tbk.,81,76,78,2,1.150.100,89.248.200,208
ELIT,Data Sinergitama Jaya Tbk.,204,193,198,2,17.037.300,3.400.287.300,2.087
BEER,Jobubu Jarum Minahasa Tbk.,262,242,242,16,4.054.400,1.008.313.600,613
CBPE,Citra Buana Prasida Tbk.,320,306,306,8,96.300,29.997.200,103
SUNI,Sunindo Pratama Tbk.,815,780,815,10,1.420.100,1.119.921.000,314
CBRE,Cakra Buana Resources Energi T,1.090,1.025,1.045,15,21.285.800,22.341.715.500,7.287
WINE,Hatten Bali Tbk.,208,204,206,0,3.416.700,702.895.600,621
BMBL,Lavender Bina Cendikia Tbk.,55,51,52,2,3.287.100,171.190.900,534
PEVE,Penta Valent Tbk.,550,530,540,5,578.700,312.485.000,83
LAJU,Jasa Berdikari Logistics Tbk.,77,73,73,2,11.851.300,876.608.600,866
FWCT,Wijaya Cahaya Timber Tbk.,148,144,147,1,3.228.700,471.645.500,375
NAYZ,Hassana Boga Sejahtera Tbk.,65,60,61,3,10.157.400,620.883.400,875
IRSX,Folago Global Nusantara Tbk.,0,0,690,0,0,0,0
PACK,Abadi Nusantara Hijau Investam,1.930,1.880,1.920,5,1.207.700,2.302.364.000,395
VAST,Vastland Indonesia Tbk.,170,155,162,4,8.224.000,1.354.535.600,457
CHIP,Pelita Teknologi Global Tbk.,1.345,1.315,1.335,5,153.400,203.895.000,370
HALO,Haloni Jane Tbk.,91,88,90,0,17.526.600,1.565.251.100,1.215
KING,Hoffmen Cleanindo Tbk.,210,199,202,8,1.471.600,297.991.200,301
PGEO,Pertamina Geothermal Energy Tb,1.130,1.110,1.115,10,14.665.700,16.401.317.500,4.248
FUTR,Futura Energi Global Tbk.,710,640,665,0,66.351.100,45.017.978.500,8.574
HILL,Hillcon Tbk.,159,147,156,1,9.817.700,1.483.914.900,2.000
BDKR,Berdikari Pondasi Perkasa Tbk.,190,173,175,15,43.642.300,7.821.903.800,3.682
PTMP,Mitra Pack Tbk.,83,80,82,1,5.901.300,480.394.700,573
SAGE,Saptausaha Gemilangindah Tbk.,41,38,41,3,14.292.300,575.313.300,488
TRON,Teknologi Karya Digital Nusa T,274,274,274,24,41.691.500,11.423.471.000,1.215
CUAN,Petrindo Jaya Kreasi Tbk.,2.280,2.220,2.250,10,33.301.100,75.032.136.000,8.684
NSSS,Nusantara Sawit Sejahtera Tbk.,705,665,700,20,10.145.300,7.032.233.000,1.539
GTRA,Grahaprima Suksesmandiri Tbk.,286,264,272,0,934.700,250.509.800,285
HAJJ,Arsy Buana Travelindo Tbk.,125,121,124,0,10.806.800,1.323.351.000,597
JATI,Informasi Teknologi Indonesia ,133,127,127,1,14.567.000,1.868.980.100,1.255
TYRE,King Tire Indonesia Tbk.,124,120,123,1,199.000,24.235.500,79
MPXL,MPX Logistics International Tb,242,220,242,16,12.173.700,2.858.898.800,1.237
SMIL,Sarana Mitra Luas Tbk.,354,330,348,14,219.033.000,74.627.859.600,6.723
KLAS,Pelayaran Kurnia Lautan Semest,146,127,129,11,26.567.500,3.549.852.200,2.138
MAXI,Maxindo Karya Anugerah Tbk.,53,51,51,2,5.297.600,276.447.600,287
VKTR,VKTR Teknologi Mobilitas Tbk.,810,680,745,50,153.677.300,112.872.940.000,15.822
RELF,Graha Mitra Asia Tbk.,44,41,43,1,15.593.700,657.690.700,1.257
AMMN,Amman Mineral Internasional Tb,6.500,6.250,6.500,175,22.451.100,143.336.325.000,6.828
CRSN,Carsurin Tbk.,160,124,126,14,78.940.100,11.385.309.800,6.884
GRPM,Graha Prima Mentari Tbk.,63,60,61,1,1.307.600,80.404.600,215
WIDI,Widiant Jaya Krenindo Tbk.,39,36,38,1,8.575.700,316.830.200,479
TGUK,Platinum Wahab Nusantara Tbk.,0,0,137,0,0,0,0
INET,Sinergi Inti Andalan Prima Tbk,760,630,685,40,641.711.800,445.780.245.000,74.457
MAHA,Mandiri Herindo Adiperkasa Tbk,190,175,177,11,75.656.600,13.567.766.100,6.200
RMKO,Royaltama Mulia Kontraktorindo,316,268,306,10,16.403.000,4.845.594.800,2.406
CNMA,Nusantara Sejahtera Raya Tbk.,120,118,118,0,15.247.200,1.810.129.400,1.138
FOLK,Multi Garam Utama Tbk.,0,0,490,0,0,0,0
HBAT,Minahasa Membangun Hebat Tbk.,308,256,306,22,2.826.600,794.305.400,538
GRIA,Ingria Pratama Capitalindo Tbk,95,92,92,1,1.084.500,100.715.100,196
PPRI,Paperocks Indonesia Tbk.,282,264,266,14,4.150.300,1.113.836.200,796
ERAL,Sinar Eka Selaras Tbk.,322,308,310,10,13.347.600,4.154.392.400,1.064
CYBR,ITSEC Asia Tbk.,1.410,1.335,1.395,35,11.839.400,16.133.156.500,7.551
MUTU,Mutuagung Lestari Tbk.,129,121,121,0,12.735.000,1.560.575.100,1.200
LMAX,Lupromax Pelumas Indonesia Tbk,147,134,147,13,8.936.600,1.294.679.900,433
HUMI,Humpuss Maritim Internasional ,216,199,204,2,224.225.000,46.455.279.600,20.991
MSIE,Multisarana Intan Eduka Tbk.,47,45,45,2,1.932.800,88.711.000,219
RSCH,Charlie Hospital Semarang Tbk.,460,420,436,4,23.501.200,10.226.362.800,348
BABY,Multitrend Indo Tbk.,392,302,306,48,85.431.700,30.261.958.200,16.420
AEGS,Anugerah Spareparts Sejahtera ,76,66,72,1,21.580.400,1.478.616.500,1.266
IOTF,Sumber Sinergi Makmur Tbk.,86,83,84,2,32.662.000,2.746.017.400,2.139
KOCI,Kokoh Exa Nusantara Tbk.,87,85,86,0,2.574.600,220.053.000,329
PTPS,Pulau Subur Tbk.,190,185,187,3,8.375.900,1.561.235.300,1.374
BREN,Barito Renewables Energy Tbk.,9.550,9.350,9.500,125,7.242.700,68.650.852.500,6.168
STRK,Lovina Beach Brewery Tbk.,210,200,208,6,8.906.000,1.837.874.400,473
KOKA,Koka Indonesia Tbk.,230,212,224,4,12.290.300,2.720.747.600,1.568
LOPI,Logisticsplus International Tb,170,153,157,12,15.232.400,2.364.444.800,1.166
UDNG,Agro Bahari Nusantara Tbk.,4.120,3.560,3.560,390,1.829.200,7.008.639.000,951
RGAS,Kian Santang Muliatama Tbk.,103,100,102,1,2.021.800,204.675.600,240
MSTI,Mastersystem Infotama Tbk.,1.430,1.400,1.425,15,1.263.300,1.784.996.500,449
IKPM,Ikapharmindo Putramas Tbk.,230,214,222,14,1.716.400,379.712.200,457
AYAM,Janu Putra Sejahtera Tbk.,402,390,390,34,54.211.900,21.195.221.400,2.491
SURI,Maja Agung Latexindo Tbk.,99,97,97,1,4.024.700,392.643.000,552
ASLI,Asri Karya Lestari Tbk.,560,510,560,50,8.599.500,4.545.200.000,533
GRPH,Griptha Putra Persada Tbk.,63,61,62,0,5.553.800,344.382.500,235
SMGA,Sumber Mineral Global Abadi Tb,104,101,103,0,12.821.500,1.310.167.800,929
UNTD,Terang Dunia Internusa Tbk.,97,94,96,1,13.773.000,1.310.720.600,1.102
TOSK,Topindo Solusi Komunika Tbk.,68,66,67,1,19.390.000,1.302.783.800,1.069
MPIX,Mitra Pedagang Indonesia Tbk.,74,70,70,3,17.740.100,1.266.409.700,939
ALII,Ancara Logistics Indonesia Tbk,1.240,1.120,1.170,20,7.433.700,8.629.948.000,1.550
MKAP,Multikarya Asia Pasifik Raya T,394,332,370,24,45.317.900,16.282.969.000,2.032
MEJA,Harta Djaya Karya Tbk.,90,80,90,8,95.057.600,8.331.159.600,3.747
LIVE,Homeco Victoria Makmur Tbk.,248,220,242,6,3.831.700,883.751.600,423
HYGN,Ecocare Indo Pasifik Tbk.,160,156,159,0,682.200,107.363.900,76
BAIK,Bersama Mencapai Puncak Tbk.,193,132,132,23,138.825.600,23.781.126.300,16.579
VISI,Satu Visi Putra Tbk.,199,197,197,2,647.900,127.871.700,57
AREA,Dunia Virtual Online Tbk.,610,575,575,10,861.200,504.587.500,430
MHKI,Multi Hanna Kreasindo Tbk.,212,200,202,2,5.834.200,1.189.530.600,1.176
ATLA,Atlantis Subsea Indonesia Tbk.,64,61,62,1,72.420.700,4.493.821.600,3.139
DATA,Remala Abadi Tbk.,4.290,4.100,4.130,120,2.950.800,12.333.205.000,2.262
SOLA,Xolare RCR Energy Tbk.,120,116,117,1,4.260.200,501.068.500,609
BATR,Benteng Api Technic Tbk.,116,111,114,0,1.891.100,212.409.300,227
SPRE,Soraya Berjaya Indonesia Tbk.,197,171,171,18,21.960.900,3.880.665.300,1.608
PART,Cipta Perdana Lancar Tbk.,125,115,115,9,11.986.300,1.424.379.900,2.876
GOLF,Intra Golflink Resorts Tbk.,224,212,218,0,6.948.300,1.531.670.400,614
ISEA,Indo American Seafoods Tbk.,101,99,100,1,4.626.600,459.075.400,499
BLES,Superior Prima Sukses Tbk.,161,157,159,2,8.648.300,1.370.302.000,693
GUNA,Gunanusa Eramandiri Tbk.,288,268,276,10,77.982.700,21.219.316.800,462
LABS,UBC Medical Indonesia Tbk.,142,137,139,1,760.700,105.665.200,145
DOSS,Global Sukses Digital Tbk.,244,214,216,22,10.164.900,2.245.626.200,1.585
NEST,Esta Indonesia Tbk.,374,360,370,10,22.459.500,8.151.670.400,1.176
PTMR,Master Print Tbk.,0,0,374,0,0,0,0
VERN,Verona Indah Pictures Tbk.,128,123,124,3,2.420.100,300.527.900,390
DAAZ,Daaz Bara Lestari Tbk.,2.200,2.180,2.180,0,207.000,452.571.000,196
BOAT,Newport Marine Services Tbk.,216,200,202,8,19.356.000,3.960.549.800,1.914
NAIK,Adiwarna Anugerah Abadi Tbk.,119,116,116,1,10.579.300,1.241.169.300,890
AADI,Adaro Andalan Indonesia Tbk.,7.100,7.000,7.050,0,8.487.600,59.641.447.500,4.471
MDIY,Daya Intiguna Yasa Tbk.,1.005,985,995,5,2.569.800,2.565.364.500,617
KSIX,Kentanix Supra International T,402,386,386,14,1.035.900,407.058.600,123
RATU,Raharja Energi Cepu Tbk.,10.150,9.750,10.025,275,11.678.400,116.655.850.000,7.102
YOII,Asuransi Digital Bersama Tbk.,100,98,98,1,4.806.400,476.323.900,155
HGII,Hero Global Investment Tbk.,155,151,151,4,1.472.500,224.101.700,402
BRRC,Raja Roti Cemerlang Tbk.,134,98,110,2,197.334.600,23.276.189.000,15.217
DGWG,Delta Giri Wacana Tbk.,380,370,372,4,12.357.900,4.621.554.200,2.685
CBDK,Bangun Kosambi Sukses Tbk.,9.400,8.750,8.925,75,19.058.100,172.950.650.000,7.519
OBAT,Brigit Biofarmaka Teknologi Tb,410,394,398,10,2.301.900,921.755.000,691
MINE,Sinar Terang Mandiri Tbk.,510,454,454,4,3.413.500,1.610.993.600,951
ASPR,Asia Pramulia Tbk.,103,99,103,4,73.784.800,7.407.775.800,2.449
PSAT,Pancaran Samudera Transport Tb,1.260,1.230,1.240,10,258.700,322.937.000,195
COIN,Indokripto Koin Semesta Tbk.,3.950,3.760,3.850,0,29.289.400,112.462.463.000,14.987
CDIA,Chandra Daya Investasi Tbk.,1.795,1.765,1.765,10,77.182.200,137.072.856.500,28.713
BLOG,Trimitra Trans Persada Tbk.,460,446,450,4,1.103.700,497.282.600,391
MERI,Merry Riana Edukasi Tbk.,180,175,176,4,1.857.400,326.643.200,413
CHEK,Diastika Biotekindo Tbk.,170,163,170,0,6.387.200,1.058.309.200,484
PMUI,Prima Multi Usaha Indonesia Tb,145,135,142,5,8.664.500,1.219.190.400,518
EMAS,Merdeka Gold Resources Tbk.,5.900,5.300,5.600,350,45.029.300,254.651.805.000,15.568
PJHB,Pelayaran Jaya Hidup Baru Tbk.,352,302,302,52,80.237.900,24.608.238.200,12.440
RLCO,Abadi Lestari Indonesia Tbk.,0,0,1.330,0,0,0,0
SUPA,Super Bank Indonesia Tbk.,1.230,1.050,1.050,180,1.169.944.700,1.262.423.030.000,352.437
KAQI,Jantra Grupo Indonesia Tbk.,71,67,67,3,19.541.700,1.353.220.500,883
YUPI,Yupi Indo Jelly Gum Tbk.,1.615,1.595,1.610,5,54.300,87.085.000,90
FORE,Fore Kopi Indonesia Tbk.,560,535,535,20,6.395.900,3.468.204.500,1.665
MDLA,Medela Potentia Tbk.,272,262,266,4,5.324.700,1.413.686.400,504
DKHH,Cipta Sarana Medika Tbk.,83,80,81,1,5.734.900,465.660.200,753
AYLS,Agro Yasa Lestari Tbk.,0,0,250,0,0,0,0
DADA,Diamond Citra Propertindo Tbk.,50,50,50,0,9.770.400,488.520.000,1.566
ASPI,Andalan Sakti Primaindo Tbk.,720,635,675,45,1.518.000,1.014.101.500,637
ESTA,Esta Multi Usaha Tbk.,0,0,404,0,0,0,0
BESS,Batulicin Nusantara Maritim Tb,1.560,1.500,1.535,35,7.937.800,12.108.564.500,140
AMAN,Makmur Berkah Amanda Tbk.,210,195,200,6,5.153.100,1.044.772.400,1.126
CARE,Metro Healthcare Indonesia Tbk,0,0,755,0,0,0,0
PIPA,Multi Makmur Lemindo Tbk.,242,216,228,12,107.053.400,24.395.251.600,12.541
NCKL,Trimegah Bangun Persada Tbk.,1.080,1.035,1.065,15,61.571.000,65.219.213.500,9.843
MENN,Menn Teknologi Indonesia Tbk.,0,0,53,0,0,0,0
AWAN,Era Digital Media Tbk.,208,199,204,4,1.236.700,249.240.700,466
MBMA,Merdeka Battery Materials Tbk.,545,530,540,10,81.651.400,43.732.242.000,6.302
RAAM,Tripar Multivision Plus Tbk.,242,226,234,4,7.790.100,1.817.728.800,1.460
DOOH,Era Media Sejahtera Tbk.,0,0,360,0,0,0,0
CGAS,Citra Nusantara Gemilang Tbk.,178,170,174,2,4.745.700,818.679.800,685
NICE,Adhi Kartiko Pratama Tbk.,396,376,388,16,7.036.200,2.708.763.600,1.132
MSJA,Multi Spunindo Jaya Tbk.,342,328,336,2,7.237.700,2.425.517.600,241
SMLE,Sinergi Multi Lestarindo Tbk.,254,190,200,8,5.263.100,1.140.018.800,1.152
ACRO,Samcro Hyosung Adilestari Tbk.,87,85,86,1,2.613.900,223.973.300,393
MANG,Manggung Polahraya Tbk.,66,61,63,2,4.320.200,268.746.000,375
WIFI,Solusi Sinergi Digital Tbk.,3.340,3.170,3.190,80,66.973.600,216.316.950.000,20.396
FAPA,FAP Agri Tbk.,6.300,6.275,6.300,25,11.400,71.742.500,12
DCII,DCI Indonesia Tbk.,244.750,235.200,235.600,9150,1.200,285.385.000,10
KETR,Ketrosden Triasmitra Tbk.,1.080,855,1.055,120,98.967.900,101.999.043.500,17.047
DGNS,Diagnos Laboratorium Utama Tbk,210,195,200,2,1.933.700,385.561.600,406
UFOE,Damai Sejahtera Abadi Tbk.,185,180,181,3,639.700,115.741.600,182
